sequence_id	Substrate	SMILES	kcat_(s^(-1))	KM_(mM)	solubility	pH	salt	temperature	TM	catalytic_efficiency_(M^(-1)s^(-1))
OceanDNA-b10708___OceanDNA-b10708_00282_2	Bis(2-hydroxyethyl) terephthalate (BHET)	O=C(OCCO)c1ccc(C(=O)OCCO)cc1	8.44886278520684	1.8838870944075727	0.56116503	5-9	0.05-4%	13.470241	45.56575393676758	4484.803155288751
OceanDNA-b10709___OceanDNA-b10709_00006_104	Bis(2-hydroxyethyl) terephthalate (BHET)	O=C(OCCO)c1ccc(C(=O)OCCO)cc1	19.84439806666874	1.58169691680203	0.5742697	5-9	0.05-4%	13.823982	47.123966217041016	12546.270942217765
OceanDNA-b10710___OceanDNA-b10710_00060_13	Bis(2-hydroxyethyl) terephthalate (BHET)	O=C(OCCO)c1ccc(C(=O)OCCO)cc1	20.10936929161969	1.5374492190368525	0.574828	5-9	0.05-4%	13.8374195	46.922106424967446	13079.696579648573
OceanDNA-b10711___OceanDNA-b10711_00007_103	Bis(2-hydroxyethyl) terephthalate (BHET)	O=C(OCCO)c1ccc(C(=O)OCCO)cc1	19.986563846978346	1.5796624058768192	0.5790311	5-9	0.05-4%	14.136042	47.10736592610677	12652.427362088454
OceanDNA-b10712___OceanDNA-b10712_00001_125	Bis(2-hydroxyethyl) terephthalate (BHET)	O=C(OCCO)c1ccc(C(=O)OCCO)cc1	11.668321899930095	2.0202217399175204	0.5743276	5-9	0.05-4%	14.828272	46.97982915242513	5775.762961746208
OceanDNA-b10720___OceanDNA-b10720_00125_1	Bis(2-hydroxyethyl) terephthalate (BHET)	O=C(OCCO)c1ccc(C(=O)OCCO)cc1	13.230746907348754	1.9760927823601349	0.5489637	5-9	0.05-4%	14.635904	46.808143615722656	6695.407738672416
OceanDNA-b10725___OceanDNA-b10725_00030_8	Bis(2-hydroxyethyl) terephthalate (BHET)	O=C(OCCO)c1ccc(C(=O)OCCO)cc1	10.986914792970389	1.974201285310188	0.56770366	5-9	0.05-4%	14.647644	46.92934799194336	5565.245486730659
OceanDNA-b10726___OceanDNA-b10726_00197_2	Bis(2-hydroxyethyl) terephthalate (BHET)	O=C(OCCO)c1ccc(C(=O)OCCO)cc1	11.645312676160067	2.0226648877511355	0.572553	5-9	0.05-4%	14.845215	47.078505198160805	5757.410803283238
OceanDNA-b2837___OceanDNA-b2837_00033_12	Bis(2-hydroxyethyl) terephthalate (BHET)	O=C(OCCO)c1ccc(C(=O)OCCO)cc1	1.4577286370731846	0.6007192473894265	0.30801556	5-9	>4%	25.256693	76.10780334472656	2426.6388057451186
OceanDNA-b2882___OceanDNA-b2882_00095_4	Bis(2-hydroxyethyl) terephthalate (BHET)	O=C(OCCO)c1ccc(C(=O)OCCO)cc1	1.6312121527750862	4.844927731576909	0.4212995	5-9	0.05-4%	23.442587	61.88035074869792	336.68451691108413
OceanDNA-b2899___OceanDNA-b2899_00508_2	Bis(2-hydroxyethyl) terephthalate (BHET)	O=C(OCCO)c1ccc(C(=O)OCCO)cc1	1.4865606124928203	4.521222188433655	0.42616782	5-9	0.05-4%	23.474234	61.8029047648112	328.79618619403186
OceanDNA-b2914___OceanDNA-b2914_00156_1	Bis(2-hydroxyethyl) terephthalate (BHET)	O=C(OCCO)c1ccc(C(=O)OCCO)cc1	1.6020269160135032	4.561326214598789	0.42595348	5-9	0.05-4%	23.536715	61.82890065511068	351.2195446329016
OceanDNA-b38360___OceanDNA-b38360_01024_2	Bis(2-hydroxyethyl) terephthalate (BHET)	O=C(OCCO)c1ccc(C(=O)OCCO)cc1	31.026824117241624	1.912993624547341	0.5394383	5-9	>4%	34.59947	47.830580393473305	16218.989817377618
OceanDNA-b38361___OceanDNA-b38361_00008_41	Bis(2-hydroxyethyl) terephthalate (BHET)	O=C(OCCO)c1ccc(C(=O)OCCO)cc1	44.65619114344643	3.091449716202724	0.5535439	5-9	>4%	28.600927	44.23846435546875	14445.064692269463
OceanDNA-b38362___OceanDNA-b38362_00010_50	Bis(2-hydroxyethyl) terephthalate (BHET)	O=C(OCCO)c1ccc(C(=O)OCCO)cc1	42.99778522592521	3.032624216891871	0.5449982	5-9	>4%	28.08763	44.64737192789713	14178.40858304348
OceanDNA-b38371___OceanDNA-b38371_01036_1	Bis(2-hydroxyethyl) terephthalate (BHET)	O=C(OCCO)c1ccc(C(=O)OCCO)cc1	28.314566262543647	2.4343289047683947	0.5023322	5-9	0.05-4%	28.289057	49.13706207275391	11631.364277473233
OceanDNA-b38374___OceanDNA-b38374_00510_1	Bis(2-hydroxyethyl) terephthalate (BHET)	O=C(OCCO)c1ccc(C(=O)OCCO)cc1	13.779175626393071	0.8267674622609585	0.3863258	5-9	0.05-4%	25.899036	56.637840270996094	16666.32548493285
OceanDNA-b38376___OceanDNA-b38376_00006_155	Bis(2-hydroxyethyl) terephthalate (BHET)	O=C(OCCO)c1ccc(C(=O)OCCO)cc1	16.336121375499403	1.110895207540148	0.35898772	5-9	0.05-4%	25.533594	56.62148920694987	14705.366685011117
OceanDNA-b38377___OceanDNA-b38377_00341_2	Bis(2-hydroxyethyl) terephthalate (BHET)	O=C(OCCO)c1ccc(C(=O)OCCO)cc1	27.6619389953756	2.413208566267575	0.49323097	5-9	>4%	31.267614	46.43213780721029	11462.722029931856
OceanDNA-b38378___OceanDNA-b38378_00019_25	Bis(2-hydroxyethyl) terephthalate (BHET)	O=C(OCCO)c1ccc(C(=O)OCCO)cc1	15.833166546786837	1.1068774401946069	0.3590064	5-9	0.05-4%	25.558794	56.34891255696615	14304.3538262042
OceanDNA-b38379___OceanDNA-b38379_00056_5	Bis(2-hydroxyethyl) terephthalate (BHET)	O=C(OCCO)c1ccc(C(=O)OCCO)cc1	16.505406717886494	1.1177218295417135	0.3708978	5-9	0.05-4%	25.656876	56.36543401082357	14767.007569901372
OceanDNA-b38381___OceanDNA-b38381_00651_1	Bis(2-hydroxyethyl) terephthalate (BHET)	O=C(OCCO)c1ccc(C(=O)OCCO)cc1	15.190760055789433	1.0038681873618265	0.3556271	5-9	0.05-4%	25.746037	56.590576171875	15132.225771304566
OceanDNA-b38385___OceanDNA-b38385_00430_3	Bis(2-hydroxyethyl) terephthalate (BHET)	O=C(OCCO)c1ccc(C(=O)OCCO)cc1	15.13293302455472	0.8346738018941461	0.40155545	5-9	0.05-4%	25.661072	56.70031992594401	18130.355823093018
OceanDNA-b38385___OceanDNA-b38385_01004_1	Bis(2-hydroxyethyl) terephthalate (BHET)	O=C(OCCO)c1ccc(C(=O)OCCO)cc1	22.04665886433919	2.3229373412544416	0.5416629	5-9	>4%	34.79217	45.974859873453774	9490.853874015158
OceanDNA-b38598___OceanDNA-b38598_00098_5	Bis(2-hydroxyethyl) terephthalate (BHET)	O=C(OCCO)c1ccc(C(=O)OCCO)cc1	9.288509323126048	2.603931502110366	0.4382057	5-9	0.05-4%	18.067331	44.51465861002604	3567.109701464167
OceanDNA-b38600___OceanDNA-b38600_00079_2	Bis(2-hydroxyethyl) terephthalate (BHET)	O=C(OCCO)c1ccc(C(=O)OCCO)cc1	10.51065752531501	2.947210039544189	0.44472823	5-9	0.05-4%	17.964102	44.24012247721354	3566.307587273478
OceanDNA-b38601___OceanDNA-b38601_00072_3	Bis(2-hydroxyethyl) terephthalate (BHET)	O=C(OCCO)c1ccc(C(=O)OCCO)cc1	13.772662716743731	3.2069910224180544	0.48146173	5-9	0.05-4%	19.529856	45.17066446940104	4294.574765089057
OceanDNA-b38643___OceanDNA-b38643_00125_5	Bis(2-hydroxyethyl) terephthalate (BHET)	O=C(OCCO)c1ccc(C(=O)OCCO)cc1	15.123188269587033	3.3694164147777834	0.48226508	5-9	0.05-4%	19.535385	45.17317454020182	4488.370212496998
OceanDNA-b38647___OceanDNA-b38647_00754_1	Bis(2-hydroxyethyl) terephthalate (BHET)	O=C(OCCO)c1ccc(C(=O)OCCO)cc1	15.906586513811003	3.3092979259096955	0.48878136	5-9	0.05-4%	19.074207	45.217787424723305	4806.634781738012
OceanDNA-b38901___OceanDNA-b38901_00134_3	Bis(2-hydroxyethyl) terephthalate (BHET)	O=C(OCCO)c1ccc(C(=O)OCCO)cc1	33.72435822552141	1.9039900545700936	0.5307747	5-9	>4%	24.545713	47.58760579427084	17712.465537608132
OceanDNA-b38920___OceanDNA-b38920_00086_12	Bis(2-hydroxyethyl) terephthalate (BHET)	O=C(OCCO)c1ccc(C(=O)OCCO)cc1	42.44700658430746	2.1406413511192164	0.5273301	5-9	>4%	23.523651	47.31362279256185	19829.107086114353
OceanDNA-b38929___OceanDNA-b38929_00130_5	Bis(2-hydroxyethyl) terephthalate (BHET)	O=C(OCCO)c1ccc(C(=O)OCCO)cc1	44.0401349194324	1.9912562790222952	0.53649276	5-9	>4%	23.109732	47.35183970133463	22116.758843847092
OceanDNA-b38931___OceanDNA-b38931_00285_3	Bis(2-hydroxyethyl) terephthalate (BHET)	O=C(OCCO)c1ccc(C(=O)OCCO)cc1	46.36572241828132	2.045453196956998	0.5318523	5-9	>4%	23.57536	46.99419403076172	22667.701459637006
OceanDNA-b38932___OceanDNA-b38932_00019_25	Bis(2-hydroxyethyl) terephthalate (BHET)	O=C(OCCO)c1ccc(C(=O)OCCO)cc1	47.01981762289207	2.125277461649474	0.49657735	5-9	>4%	23.141005	47.39923604329427	22124.08425316804
OceanDNA-b38936___OceanDNA-b38936_00106_9	Bis(2-hydroxyethyl) terephthalate (BHET)	O=C(OCCO)c1ccc(C(=O)OCCO)cc1	56.99521642724895	2.349348568351496	0.46857268	9-14	>4%	26.377857	46.38197326660156	24260.008580694204
OceanDNA-b38975___OceanDNA-b38975_00010_18	Bis(2-hydroxyethyl) terephthalate (BHET)	O=C(OCCO)c1ccc(C(=O)OCCO)cc1	62.86767606234091	9.501468819639983	0.38740456	5-9	>4%	27.370728	50.05751164754232	6616.627097948316
OceanDNA-b39114___OceanDNA-b39114_00010_34	Bis(2-hydroxyethyl) terephthalate (BHET)	O=C(OCCO)c1ccc(C(=O)OCCO)cc1	41.71191733410344	5.934473391679095	0.49278554	5-9	>4%	33.859783	46.28689702351888	7028.7478906871465
OceanDNA-b39116___OceanDNA-b39116_00663_2	Bis(2-hydroxyethyl) terephthalate (BHET)	O=C(OCCO)c1ccc(C(=O)OCCO)cc1	42.052511203080165	5.95590450327477	0.48572662	5-9	>4%	33.222813	46.15622584025065	7060.642288666346
OceanDNA-b39170___OceanDNA-b39170_00002_375	Bis(2-hydroxyethyl) terephthalate (BHET)	O=C(OCCO)c1ccc(C(=O)OCCO)cc1	23.70447264192808	2.279585976783539	0.4963989	5-9	>4%	24.402582	46.650769551595054	10398.586797491504
OceanDNA-b39172___OceanDNA-b39172_00154_8	Bis(2-hydroxyethyl) terephthalate (BHET)	O=C(OCCO)c1ccc(C(=O)OCCO)cc1	23.633989072797583	2.218425089613998	0.49058476	5-9	>4%	24.733765	46.24185434977213	10653.498819250126
OceanDNA-b40948___OceanDNA-b40948_01888_2	Bis(2-hydroxyethyl) terephthalate (BHET)	O=C(OCCO)c1ccc(C(=O)OCCO)cc1	1.7110515719277737	0.9669567386449504	0.61198056	5-9	0.05-4%	19.26426	59.59197616577149	1769.5223618024156
OceanDNA-b40949___OceanDNA-b40949_01097_2	Bis(2-hydroxyethyl) terephthalate (BHET)	O=C(OCCO)c1ccc(C(=O)OCCO)cc1	8.762702608722243	0.8313360780617686	0.4928713	5-9	0.05-4%	18.22055	52.27198028564453	10540.505626980826
OceanDNA-b40950___OceanDNA-b40950_00384_2	Bis(2-hydroxyethyl) terephthalate (BHET)	O=C(OCCO)c1ccc(C(=O)OCCO)cc1	3.749979750386081	0.955449936353879	0.49815285	5-9	>4%	27.875116	56.41244252522787	3924.831231552006
OceanDNA-b40951___OceanDNA-b40951_00025_21	Bis(2-hydroxyethyl) terephthalate (BHET)	O=C(OCCO)c1ccc(C(=O)OCCO)cc1	3.626990257315981	0.9040851342631118	0.49743846	5-9	>4%	24.148008	55.9637705485026	4011.779554667951
OceanDNA-b40951___OceanDNA-b40951_00126_6	Bis(2-hydroxyethyl) terephthalate (BHET)	O=C(OCCO)c1ccc(C(=O)OCCO)cc1	5.796366759062973	0.7063908902232195	0.48901516	5-9	0.05-4%	24.630438	53.42913818359375	8205.608027067452
OceanDNA-b40952___OceanDNA-b40952_00086_12	Bis(2-hydroxyethyl) terephthalate (BHET)	O=C(OCCO)c1ccc(C(=O)OCCO)cc1	3.6254501989747694	0.6077853129612667	0.39463118	5-9	0.05-4%	28.600225	55.94840749104818	5965.017781214161
OceanDNA-b40954___OceanDNA-b40954_00230_2	Bis(2-hydroxyethyl) terephthalate (BHET)	O=C(OCCO)c1ccc(C(=O)OCCO)cc1	4.535395613203419	0.6474198458931101	0.4885107	5-9	0.05-4%	26.427286	52.2811139424642	7005.339181326578
OceanDNA-b40956___OceanDNA-b40956_00033_26	Bis(2-hydroxyethyl) terephthalate (BHET)	O=C(OCCO)c1ccc(C(=O)OCCO)cc1	4.437621082607291	0.6142391768824599	0.48125926	5-9	0.05-4%	26.57664	53.6664072672526	7224.581644450316
OceanDNA-b40957___OceanDNA-b40957_00055_6	Bis(2-hydroxyethyl) terephthalate (BHET)	O=C(OCCO)c1ccc(C(=O)OCCO)cc1	4.27927529612195	0.6561873761953578	0.49621633	5-9	0.05-4%	26.838806	53.49108505249024	6521.422769413258
OceanDNA-b40958___OceanDNA-b40958_00005_2	Bis(2-hydroxyethyl) terephthalate (BHET)	O=C(OCCO)c1ccc(C(=O)OCCO)cc1	4.457420263276037	0.6570191092889316	0.4928385	5-9	0.05-4%	26.525526	53.10260136922201	6784.308401775626
OceanDNA-b40960___OceanDNA-b40960_00001_36	Bis(2-hydroxyethyl) terephthalate (BHET)	O=C(OCCO)c1ccc(C(=O)OCCO)cc1	4.121575119155779	0.6359363748754803	0.49173906	5-9	0.05-4%	26.724989	53.92036692301432	6481.112391098567
OceanDNA-b40962___OceanDNA-b40962_00005_35	Bis(2-hydroxyethyl) terephthalate (BHET)	O=C(OCCO)c1ccc(C(=O)OCCO)cc1	4.480835589720811	0.6285113978071615	0.48197177	5-9	0.05-4%	26.32999	53.40717315673828	7129.282945948438
OceanDNA-b40966___OceanDNA-b40966_00041_29	Bis(2-hydroxyethyl) terephthalate (BHET)	O=C(OCCO)c1ccc(C(=O)OCCO)cc1	5.6845899836694285	0.7129020811635703	0.4459204	5-9	0.05-4%	23.113913	53.17827606201172	7973.872056021028
OceanDNA-b40967___OceanDNA-b40967_00057_10	Bis(2-hydroxyethyl) terephthalate (BHET)	O=C(OCCO)c1ccc(C(=O)OCCO)cc1	7.64022494506181	0.7700396435127237	0.4428613	5-9	0.05-4%	24.001148	53.0592524210612	9921.859230791106
OceanDNA-b40968___OceanDNA-b40968_00063_10	Bis(2-hydroxyethyl) terephthalate (BHET)	O=C(OCCO)c1ccc(C(=O)OCCO)cc1	5.147593600338399	0.7372698365168352	0.44250962	5-9	0.05-4%	23.807974	53.203609466552734	6981.96690733713
OceanDNA-b40973___OceanDNA-b40973_00084_12	Bis(2-hydroxyethyl) terephthalate (BHET)	O=C(OCCO)c1ccc(C(=O)OCCO)cc1	5.367195030339383	0.6862788194021847	0.43132582	5-9	0.05-4%	23.588064	53.58248774210612	7820.720789568779
OceanDNA-b40975___OceanDNA-b40975_00935_2	Bis(2-hydroxyethyl) terephthalate (BHET)	O=C(OCCO)c1ccc(C(=O)OCCO)cc1	3.4016836469267138	0.7748225502793723	0.4500665	5-9	0.05-4%	24.623144	57.15708923339844	4390.274451485947
OceanDNA-b40976___OceanDNA-b40976_00033_18	Bis(2-hydroxyethyl) terephthalate (BHET)	O=C(OCCO)c1ccc(C(=O)OCCO)cc1	3.498778347853451	0.7601212248620851	0.4495973	5-9	0.05-4%	24.676804	57.99085362752279	4602.921525429398
OceanDNA-b40980___OceanDNA-b40980_00101_4	Bis(2-hydroxyethyl) terephthalate (BHET)	O=C(OCCO)c1ccc(C(=O)OCCO)cc1	11.097989202171656	1.0664653961995696	0.46932098	5-9	0.05-4%	19.196732	51.96497853597005	10406.32845821363
OceanDNA-b40986___OceanDNA-b40986_00086_2	Bis(2-hydroxyethyl) terephthalate (BHET)	O=C(OCCO)c1ccc(C(=O)OCCO)cc1	11.284054799633848	1.0017306828943515	0.46708933	5-9	0.05-4%	19.603474	52.59927876790365	11264.5594193344
OceanDNA-b40988___OceanDNA-b40988_00006_18	Bis(2-hydroxyethyl) terephthalate (BHET)	O=C(OCCO)c1ccc(C(=O)OCCO)cc1	11.239152241927927	0.9873546829943418	0.47332585	5-9	0.05-4%	19.898611	53.18434015909831	11383.095087818949
OceanDNA-b40989___OceanDNA-b40989_00081_1	Bis(2-hydroxyethyl) terephthalate (BHET)	O=C(OCCO)c1ccc(C(=O)OCCO)cc1	10.866001880377166	1.0087472624443596	0.4734276	5-9	0.05-4%	19.6014	53.0405019124349	10771.77830852008
OceanDNA-b40991___OceanDNA-b40991_00053_22	Bis(2-hydroxyethyl) terephthalate (BHET)	O=C(OCCO)c1ccc(C(=O)OCCO)cc1	11.56404031188147	0.9829654827407708	0.46714523	5-9	0.05-4%	19.909964	52.74266052246094	11764.441900480402
OceanDNA-b40995___OceanDNA-b40995_00048_2	Bis(2-hydroxyethyl) terephthalate (BHET)	O=C(OCCO)c1ccc(C(=O)OCCO)cc1	10.939676840437834	0.9958618541482798	0.46721852	5-9	0.05-4%	20.12978	52.82032012939453	10985.134930983068
OceanDNA-b40998___OceanDNA-b40998_00043_5	Bis(2-hydroxyethyl) terephthalate (BHET)	O=C(OCCO)c1ccc(C(=O)OCCO)cc1	12.248877303730794	1.0178415580808151	0.45964208	5-9	0.05-4%	19.803587	52.41096369425456	12034.168978938715
OceanDNA-b40999___OceanDNA-b40999_00006_54	Bis(2-hydroxyethyl) terephthalate (BHET)	O=C(OCCO)c1ccc(C(=O)OCCO)cc1	11.65948461057227	0.9996936853359356	0.46535146	5-9	0.05-4%	20.236155	52.63195927937826	11663.057176013102
OceanDNA-b41001___OceanDNA-b41001_00122_8	Bis(2-hydroxyethyl) terephthalate (BHET)	O=C(OCCO)c1ccc(C(=O)OCCO)cc1	10.318566550888432	1.0085473024341538	0.46885106	5-9	0.05-4%	19.305374	53.264336903889976	10231.118090330834
OceanDNA-b41003___OceanDNA-b41003_00007_69	Bis(2-hydroxyethyl) terephthalate (BHET)	O=C(OCCO)c1ccc(C(=O)OCCO)cc1	3.8275942266610414	0.8288005267708944	0.4309537	5-9	0.05-4%	25.440191	54.56023915608724	4618.2333420730365
OceanDNA-b41006___OceanDNA-b41006_00026_17	Bis(2-hydroxyethyl) terephthalate (BHET)	O=C(OCCO)c1ccc(C(=O)OCCO)cc1	9.180141010949846	0.8815842156314131	0.4686431	5-9	0.05-4%	21.079573	53.06967417399088	10413.232052226338
OceanDNA-b41007___OceanDNA-b41007_00010_71	Bis(2-hydroxyethyl) terephthalate (BHET)	O=C(OCCO)c1ccc(C(=O)OCCO)cc1	9.431982392247976	0.9096228074220946	0.4620764	5-9	0.05-4%	20.81458	53.31791305541992	10369.113785722426
OceanDNA-b41009___OceanDNA-b41009_00120_11	Bis(2-hydroxyethyl) terephthalate (BHET)	O=C(OCCO)c1ccc(C(=O)OCCO)cc1	10.703393146322878	0.8960518351218131	0.47066364	5-9	0.05-4%	19.439167	52.70870463053385	11945.060237355368
OceanDNA-b41014___OceanDNA-b41014_00092_3	Bis(2-hydroxyethyl) terephthalate (BHET)	O=C(OCCO)c1ccc(C(=O)OCCO)cc1	55.50920541320742	4.895398686037611	0.4136658	5-9	>4%	35.28052	47.74108123779297	11339.057137782822
OceanDNA-b41015___OceanDNA-b41015_00009_21	Bis(2-hydroxyethyl) terephthalate (BHET)	O=C(OCCO)c1ccc(C(=O)OCCO)cc1	33.67278206976049	3.2815434634686245	0.5249239	9-14	>4%	30.522175	46.32785924275717	10261.26347086929
OceanDNA-b41016___OceanDNA-b41016_00001_73	Bis(2-hydroxyethyl) terephthalate (BHET)	O=C(OCCO)c1ccc(C(=O)OCCO)cc1	52.50259372581962	5.05875212080095	0.40112174	5-9	>4%	29.99155	47.294803619384766	10378.566190253836
OceanDNA-b41017___OceanDNA-b41017_00012_14	Bis(2-hydroxyethyl) terephthalate (BHET)	O=C(OCCO)c1ccc(C(=O)OCCO)cc1	48.09869332516752	3.496662927108087	0.4178706	5-9	>4%	29.906279	46.96878306070963	13755.599074843485
OceanDNA-b41017___OceanDNA-b41017_00012_15	Bis(2-hydroxyethyl) terephthalate (BHET)	O=C(OCCO)c1ccc(C(=O)OCCO)cc1	33.50452285081217	3.1833796554371374	0.5237043	9-14	>4%	30.983429	47.374324798583984	10524.827848788704
OceanDNA-b41018___OceanDNA-b41018_00007_91	Bis(2-hydroxyethyl) terephthalate (BHET)	O=C(OCCO)c1ccc(C(=O)OCCO)cc1	33.34426069479238	3.3069800346214846	0.5303739	9-14	>4%	31.876719	47.63889821370443	10082.994256301565
OceanDNA-b41022___OceanDNA-b41022_00141_3	Bis(2-hydroxyethyl) terephthalate (BHET)	O=C(OCCO)c1ccc(C(=O)OCCO)cc1	21.0859483291494	5.990928311851601	0.4919841	9-14	>4%	38.14331	55.44594192504883	3519.6462437108385
OceanDNA-b41033___OceanDNA-b41033_00018_21	Bis(2-hydroxyethyl) terephthalate (BHET)	O=C(OCCO)c1ccc(C(=O)OCCO)cc1	21.278446960800384	6.2426310355526775	0.5172345	9-14	>4%	34.121468	52.57923634847005	3408.570335106557
OceanDNA-b41034___OceanDNA-b41034_00008_120	Bis(2-hydroxyethyl) terephthalate (BHET)	O=C(OCCO)c1ccc(C(=O)OCCO)cc1	52.552531216407175	2.7997716947627342	0.45020974	9-14	>4%	31.579023	49.96626536051432	18770.291632961424
OceanDNA-b41042___OceanDNA-b41042_00013_65	Bis(2-hydroxyethyl) terephthalate (BHET)	O=C(OCCO)c1ccc(C(=O)OCCO)cc1	53.75240635995183	2.752227050757192	0.44082707	9-14	>4%	31.482471	49.759169260660805	19530.513060382673
OceanDNA-b41042___OceanDNA-b41042_00013_66	Bis(2-hydroxyethyl) terephthalate (BHET)	O=C(OCCO)c1ccc(C(=O)OCCO)cc1	55.94707732000357	2.251797938861754	0.43841043	5-9	>4%	31.305714	49.41488520304362	24845.51404655956
OceanDNA-b41042___OceanDNA-b41042_00015_42	Bis(2-hydroxyethyl) terephthalate (BHET)	O=C(OCCO)c1ccc(C(=O)OCCO)cc1	19.979319572485657	6.786754449660942	0.50727475	9-14	>4%	36.454372	54.39567311604818	2943.869521238358
OceanDNA-b41043___OceanDNA-b41043_00086_16	Bis(2-hydroxyethyl) terephthalate (BHET)	O=C(OCCO)c1ccc(C(=O)OCCO)cc1	21.06051140736377	6.524867189461172	0.50541645	9-14	>4%	36.697052	54.42691421508789	3227.7302810669103
OceanDNA-b41044___OceanDNA-b41044_00002_69	Bis(2-hydroxyethyl) terephthalate (BHET)	O=C(OCCO)c1ccc(C(=O)OCCO)cc1	51.93654708705355	3.360264351907005	0.43237713	9-14	>4%	31.931448	48.48182678222656	15456.089654844778
OceanDNA-b41044___OceanDNA-b41044_00005_185	Bis(2-hydroxyethyl) terephthalate (BHET)	O=C(OCCO)c1ccc(C(=O)OCCO)cc1	31.442227566143035	5.780457664292117	0.4398346	9-14	>4%	30.155249	47.417493184407554	5439.401063409309
OceanDNA-b41055___OceanDNA-b41055_00027_45	Bis(2-hydroxyethyl) terephthalate (BHET)	O=C(OCCO)c1ccc(C(=O)OCCO)cc1	39.91710165187845	5.737063424017837	0.43307444	9-14	>4%	30.654099	51.82500712076823	6957.758473571712
OceanDNA-b41063___OceanDNA-b41063_00025_9	Bis(2-hydroxyethyl) terephthalate (BHET)	O=C(OCCO)c1ccc(C(=O)OCCO)cc1	41.82307829996799	4.102760290879027	0.43392184	5-9	>4%	29.64101	46.82642618815104	10193.887854707516
OceanDNA-b41063___OceanDNA-b41063_00312_1	Bis(2-hydroxyethyl) terephthalate (BHET)	O=C(OCCO)c1ccc(C(=O)OCCO)cc1	45.69415947182088	4.043356416423647	0.43747002	5-9	>4%	32.75749	50.279422760009766	11301.04664684431
OceanDNA-b41066___OceanDNA-b41066_00124_3	Bis(2-hydroxyethyl) terephthalate (BHET)	O=C(OCCO)c1ccc(C(=O)OCCO)cc1	46.859723547961366	4.417484466197164	0.4232629	5-9	>4%	34.35992	48.82285690307617	10607.784567559787
OceanDNA-b41070___OceanDNA-b41070_00091_7	Bis(2-hydroxyethyl) terephthalate (BHET)	O=C(OCCO)c1ccc(C(=O)OCCO)cc1	45.66688678030399	4.203511770133572	0.4849997	5-9	>4%	31.333673	51.17529296875	10863.984515226626
OceanDNA-b41072___OceanDNA-b41072_00489_2	Bis(2-hydroxyethyl) terephthalate (BHET)	O=C(OCCO)c1ccc(C(=O)OCCO)cc1	48.42900472842159	3.8617577920691057	0.49308094	5-9	>4%	31.167933	49.88879521687826	12540.663432564377
OceanDNA-b41074___OceanDNA-b41074_00002_9	Bis(2-hydroxyethyl) terephthalate (BHET)	O=C(OCCO)c1ccc(C(=O)OCCO)cc1	52.48625423359364	4.4427349855386025	0.4149795	5-9	>4%	31.072926	47.70889536539713	11813.951181972341
OceanDNA-b41081___OceanDNA-b41081_00233_1	Bis(2-hydroxyethyl) terephthalate (BHET)	O=C(OCCO)c1ccc(C(=O)OCCO)cc1	66.10561920330866	3.203558044449334	0.40789118	5-9	>4%	28.3939	48.1907844543457	20635.06210472665
OceanDNA-b41082___OceanDNA-b41082_00003_6	Bis(2-hydroxyethyl) terephthalate (BHET)	O=C(OCCO)c1ccc(C(=O)OCCO)cc1	42.267816407328446	3.315471671458745	0.4610943	5-9	>4%	30.903177	48.77653503417969	12748.658590930261
OceanDNA-b41083___OceanDNA-b41083_00042_4	Bis(2-hydroxyethyl) terephthalate (BHET)	O=C(OCCO)c1ccc(C(=O)OCCO)cc1	60.14552123370274	4.520639168659413	0.41720554	5-9	>4%	32.87286	47.69804000854492	13304.649849224481
OceanDNA-b41089___OceanDNA-b41089_00027_6	Bis(2-hydroxyethyl) terephthalate (BHET)	O=C(OCCO)c1ccc(C(=O)OCCO)cc1	60.70963498897947	4.385320514499439	0.4225654	5-9	>4%	32.820873	47.41154225667318	13843.83075039822
OceanDNA-b41091___OceanDNA-b41091_00354_1	Bis(2-hydroxyethyl) terephthalate (BHET)	O=C(OCCO)c1ccc(C(=O)OCCO)cc1	49.33672053501467	3.639063432256275	0.45024273	5-9	>4%	46.51728	50.92285283406576	13557.53244026998
OceanDNA-b41094___OceanDNA-b41094_00238_3	Bis(2-hydroxyethyl) terephthalate (BHET)	O=C(OCCO)c1ccc(C(=O)OCCO)cc1	64.65386851586939	4.7036826419673226	0.41308257	5-9	>4%	30.29428	47.39388910929362	13745.372176900906
OceanDNA-b41096___OceanDNA-b41096_00361_1	Bis(2-hydroxyethyl) terephthalate (BHET)	O=C(OCCO)c1ccc(C(=O)OCCO)cc1	56.03305030133683	4.689154789647112	0.42566898	5-9	>4%	35.25457	47.891045888264976	11949.49896408808
OceanDNA-b41098___OceanDNA-b41098_00191_1	Bis(2-hydroxyethyl) terephthalate (BHET)	O=C(OCCO)c1ccc(C(=O)OCCO)cc1	49.25569824081628	3.346621815704677	0.41458875	5-9	>4%	30.334116	48.62473932902018	14718.03536619354
OceanDNA-b41102___OceanDNA-b41102_00028_4	Bis(2-hydroxyethyl) terephthalate (BHET)	O=C(OCCO)c1ccc(C(=O)OCCO)cc1	65.39573115577393	4.5117044872256775	0.41501322	5-9	>4%	32.35757	47.68983840942383	14494.68406916581
OceanDNA-b41130___OceanDNA-b41130_00070_8	Bis(2-hydroxyethyl) terephthalate (BHET)	O=C(OCCO)c1ccc(C(=O)OCCO)cc1	63.3738994485205	4.463381211586963	0.40961125	5-9	>4%	33.19128	47.079349517822266	14198.630241127847
OceanDNA-b41137___OceanDNA-b41137_00017_20	Bis(2-hydroxyethyl) terephthalate (BHET)	O=C(OCCO)c1ccc(C(=O)OCCO)cc1	60.688233179969046	4.441175956739903	0.41695982	5-9	>4%	32.67558	47.85323333740234	13664.901767260299
OceanDNA-b41140___OceanDNA-b41140_00223_3	Bis(2-hydroxyethyl) terephthalate (BHET)	O=C(OCCO)c1ccc(C(=O)OCCO)cc1	59.98925259293938	4.820254614878281	0.4205337	5-9	>4%	38.08146	49.92340087890625	12445.245611668626
OceanDNA-b41161___OceanDNA-b41161_00020_6	Bis(2-hydroxyethyl) terephthalate (BHET)	O=C(OCCO)c1ccc(C(=O)OCCO)cc1	39.981553828138864	3.635601258977227	0.50670177	5-9	>4%	32.20957	48.73321914672852	10997.232914202075
OceanDNA-b41167___OceanDNA-b41167_00078_3	Bis(2-hydroxyethyl) terephthalate (BHET)	O=C(OCCO)c1ccc(C(=O)OCCO)cc1	50.913198319823096	3.3389832819670326	0.40842536	5-9	>4%	30.477049	47.91074752807617	15248.11417738802
OceanDNA-b41171___OceanDNA-b41171_00118_3	Bis(2-hydroxyethyl) terephthalate (BHET)	O=C(OCCO)c1ccc(C(=O)OCCO)cc1	48.06495168468464	3.3587455392330225	0.40880302	5-9	>4%	31.028477	48.31916427612305	14310.387947894493
OceanDNA-b41173___OceanDNA-b41173_00019_7	Bis(2-hydroxyethyl) terephthalate (BHET)	O=C(OCCO)c1ccc(C(=O)OCCO)cc1	51.80266126700314	3.3254657956988622	0.40863892	5-9	>4%	30.604462	47.83747100830078	15577.565504960054
OceanDNA-b41176___OceanDNA-b41176_00007_146	Bis(2-hydroxyethyl) terephthalate (BHET)	O=C(OCCO)c1ccc(C(=O)OCCO)cc1	24.90807284232537	5.551640138473564	0.42565247	5-9	>4%	28.112036	50.6481564839681	4486.615166157708
OceanDNA-b41177___OceanDNA-b41177_00704_2	Bis(2-hydroxyethyl) terephthalate (BHET)	O=C(OCCO)c1ccc(C(=O)OCCO)cc1	66.95086502832994	3.51010661592813	0.44068703	5-9	>4%	29.963648	48.63043467203776	19073.741157753135
OceanDNA-b41177___OceanDNA-b41177_00811_1	Bis(2-hydroxyethyl) terephthalate (BHET)	O=C(OCCO)c1ccc(C(=O)OCCO)cc1	48.91716289505912	3.26681315003878	0.41773057	5-9	>4%	31.34649	50.78247197469076	14973.970242062493
OceanDNA-b41178___OceanDNA-b41178_00113_10	Bis(2-hydroxyethyl) terephthalate (BHET)	O=C(OCCO)c1ccc(C(=O)OCCO)cc1	49.0687564816576	3.37085192093334	0.44056314	5-9	>4%	33.36567	48.08739344278971	14556.781974590915
OceanDNA-b41178___OceanDNA-b41178_00113_9	Bis(2-hydroxyethyl) terephthalate (BHET)	O=C(OCCO)c1ccc(C(=O)OCCO)cc1	46.27043798920408	3.29989879699981	0.41773972	5-9	>4%	31.227741	50.8907216389974	14021.774859056912
OceanDNA-b41181___OceanDNA-b41181_00011_92	Bis(2-hydroxyethyl) terephthalate (BHET)	O=C(OCCO)c1ccc(C(=O)OCCO)cc1	53.44046407822318	2.485222257366976	0.49948403	5-9	>4%	31.701279	49.35924911499024	21503.29368723821
OceanDNA-b41186___OceanDNA-b41186_00034_7	Bis(2-hydroxyethyl) terephthalate (BHET)	O=C(OCCO)c1ccc(C(=O)OCCO)cc1	60.227072463323296	2.7406207490446435	0.5042674	5-9	>4%	32.67816	50.13253021240234	21975.704768460913
OceanDNA-b41187___OceanDNA-b41187_00007_6	Bis(2-hydroxyethyl) terephthalate (BHET)	O=C(OCCO)c1ccc(C(=O)OCCO)cc1	51.994306978290126	2.5062336022974416	0.49982667	5-9	>4%	31.82765	50.293060302734375	20745.99388126766
OceanDNA-b41192___OceanDNA-b41192_00152_4	Bis(2-hydroxyethyl) terephthalate (BHET)	O=C(OCCO)c1ccc(C(=O)OCCO)cc1	51.64882533410107	2.514514827181035	0.49817333	5-9	>4%	32.211456	49.5000254313151	20540.274718524284
OceanDNA-b41195___OceanDNA-b41195_00044_7	Bis(2-hydroxyethyl) terephthalate (BHET)	O=C(OCCO)c1ccc(C(=O)OCCO)cc1	60.97001772778852	2.7152831222464013	0.50391984	5-9	>4%	32.17442	49.38327662150065	22454.38688446859
OceanDNA-b41198___OceanDNA-b41198_00039_7	Bis(2-hydroxyethyl) terephthalate (BHET)	O=C(OCCO)c1ccc(C(=O)OCCO)cc1	60.23793106698757	2.7491461503686896	0.50276923	5-9	>4%	32.9582	49.38834889729818	21911.505526510122
OceanDNA-b41209___OceanDNA-b41209_00033_9	Bis(2-hydroxyethyl) terephthalate (BHET)	O=C(OCCO)c1ccc(C(=O)OCCO)cc1	42.49175693585932	3.917112275630908	0.43214855	5-9	>4%	29.848204	47.13704935709635	10847.72504485218
OceanDNA-b41211___OceanDNA-b41211_00093_12	Bis(2-hydroxyethyl) terephthalate (BHET)	O=C(OCCO)c1ccc(C(=O)OCCO)cc1	22.622550028240862	5.761590193696507	0.46614578	5-9	>4%	30.939192	47.98160552978516	3926.4420529233685
OceanDNA-b41212___OceanDNA-b41212_00052_16	Bis(2-hydroxyethyl) terephthalate (BHET)	O=C(OCCO)c1ccc(C(=O)OCCO)cc1	38.37233999691857	4.598635857430487	0.4385421	5-9	>4%	29.383585	46.72323735555013	8344.287564086304
OceanDNA-b41212___OceanDNA-b41212_00105_8	Bis(2-hydroxyethyl) terephthalate (BHET)	O=C(OCCO)c1ccc(C(=O)OCCO)cc1	22.35644155037013	5.794601829140058	0.4644216	5-9	>4%	30.888657	48.08920160929362	3858.1497417032906
OceanDNA-b41213___OceanDNA-b41213_00088_4	Bis(2-hydroxyethyl) terephthalate (BHET)	O=C(OCCO)c1ccc(C(=O)OCCO)cc1	3.7905713149311913	0.6523952494277209	0.4416112	5-9	>4%	20.77923	49.70361455281576	5810.23745690403
OceanDNA-b41213___OceanDNA-b41213_01056_3	Bis(2-hydroxyethyl) terephthalate (BHET)	O=C(OCCO)c1ccc(C(=O)OCCO)cc1	11.78691775528018	0.527591632557418	0.48220405	5-9	>4%	33.433224	56.38796615600586	22340.986907136754
OceanDNA-b41214___OceanDNA-b41214_00472_5	Bis(2-hydroxyethyl) terephthalate (BHET)	O=C(OCCO)c1ccc(C(=O)OCCO)cc1	6.296183945644922	0.7369586899444318	0.5523455	5-9	>4%	33.125744	57.72778828938802	8543.469303713166
OceanDNA-b41217___OceanDNA-b41217_00036_9	Bis(2-hydroxyethyl) terephthalate (BHET)	O=C(OCCO)c1ccc(C(=O)OCCO)cc1	7.446461206812544	0.6409973695235794	0.48332366	5-9	>4%	17.094566	50.4890391031901	11616.991833128923
OceanDNA-b41218___OceanDNA-b41218_00113_4	Bis(2-hydroxyethyl) terephthalate (BHET)	O=C(OCCO)c1ccc(C(=O)OCCO)cc1	5.844881941100401	0.6653126659157601	0.6073047	5-9	>4%	25.17657	56.98489888509115	8785.165592864969
OceanDNA-b41219___OceanDNA-b41219_00194_3	Bis(2-hydroxyethyl) terephthalate (BHET)	O=C(OCCO)c1ccc(C(=O)OCCO)cc1	7.197104012013535	0.6211318045223477	0.4799191	5-9	>4%	17.489683	50.73632685343424	11587.080164970992
OceanDNA-b41221___OceanDNA-b41221_00372_4	Bis(2-hydroxyethyl) terephthalate (BHET)	O=C(OCCO)c1ccc(C(=O)OCCO)cc1	5.922336835041182	0.6723388051970267	0.6273842	5-9	>4%	21.72922	57.50074005126953	8808.560192068133
OceanDNA-b41223___OceanDNA-b41223_00069_2	Bis(2-hydroxyethyl) terephthalate (BHET)	O=C(OCCO)c1ccc(C(=O)OCCO)cc1	8.215552286447256	0.6402862809306268	0.47778198	5-9	>4%	18.259256	50.193528493245445	12831.060934971661
OceanDNA-b41223___OceanDNA-b41223_00285_5	Bis(2-hydroxyethyl) terephthalate (BHET)	O=C(OCCO)c1ccc(C(=O)OCCO)cc1	8.018046185137266	0.6390406750171672	0.5821671	5-9	0.05-4%	17.780382	57.06046803792318	12547.004437427817
OceanDNA-b41224___OceanDNA-b41224_00014_7	Bis(2-hydroxyethyl) terephthalate (BHET)	O=C(OCCO)c1ccc(C(=O)OCCO)cc1	8.421557293450025	0.6260662950866772	0.477959	5-9	>4%	18.816442	50.2607790629069	13451.542367863907
OceanDNA-b41224___OceanDNA-b41224_00454_2	Bis(2-hydroxyethyl) terephthalate (BHET)	O=C(OCCO)c1ccc(C(=O)OCCO)cc1	5.955800970135264	0.6397900881343008	0.5812402	5-9	0.05-4%	16.80369	56.598731994628906	9308.992246977508
OceanDNA-b41226___OceanDNA-b41226_00144_5	Bis(2-hydroxyethyl) terephthalate (BHET)	O=C(OCCO)c1ccc(C(=O)OCCO)cc1	7.40902739332752	0.5430630330082091	0.5944508	5-9	0.05-4%	18.03211	57.02616373697917	13643.033944487845
OceanDNA-b41228___OceanDNA-b41228_00019_4	Bis(2-hydroxyethyl) terephthalate (BHET)	O=C(OCCO)c1ccc(C(=O)OCCO)cc1	5.970864448585163	0.6578307732780552	0.55323225	5-9	>4%	14.548095	56.28195444742838	9076.596430464297
OceanDNA-b41228___OceanDNA-b41228_00370_2	Bis(2-hydroxyethyl) terephthalate (BHET)	O=C(OCCO)c1ccc(C(=O)OCCO)cc1	9.455720762236568	0.5883667320453303	0.5159061	5-9	>4%	17.02605	49.40685780843099	16071.134289605041
OceanDNA-b41229___OceanDNA-b41229_00008_3	Bis(2-hydroxyethyl) terephthalate (BHET)	O=C(OCCO)c1ccc(C(=O)OCCO)cc1	4.187234379074969	0.7980893039879953	0.49699578	5-9	>4%	24.71076	51.46940612792969	5246.573733229675
OceanDNA-b41231___OceanDNA-b41231_00013_39	Bis(2-hydroxyethyl) terephthalate (BHET)	O=C(OCCO)c1ccc(C(=O)OCCO)cc1	12.257780593090756	0.7374354340665791	0.5336955	5-9	0.05-4%	20.7824	57.703643798828125	16622.174670256038
OceanDNA-b41232___OceanDNA-b41232_00037_23	Bis(2-hydroxyethyl) terephthalate (BHET)	O=C(OCCO)c1ccc(C(=O)OCCO)cc1	7.760348971340353	0.677352970235469	0.48733672	5-9	0.05-4%	15.00148	55.88652801513672	11456.875975080782
OceanDNA-b41233___OceanDNA-b41233_00025_27	Bis(2-hydroxyethyl) terephthalate (BHET)	O=C(OCCO)c1ccc(C(=O)OCCO)cc1	5.380033390172436	0.5564788742062744	0.5679456	5-9	>4%	18.304113	58.6920051574707	9667.992154861528
OceanDNA-b41233___OceanDNA-b41233_00077_4	Bis(2-hydroxyethyl) terephthalate (BHET)	O=C(OCCO)c1ccc(C(=O)OCCO)cc1	3.610240614500336	0.7722936390807693	0.47400442	5-9	>4%	20.932123	51.1916389465332	4674.699404228505
OceanDNA-b41234___OceanDNA-b41234_00061_2	Bis(2-hydroxyethyl) terephthalate (BHET)	O=C(OCCO)c1ccc(C(=O)OCCO)cc1	8.182196435328002	1.0103556207970896	0.50112784	5-9	>4%	18.176619	52.46006393432617	8098.333167952196
OceanDNA-b41235___OceanDNA-b41235_00007_63	Bis(2-hydroxyethyl) terephthalate (BHET)	O=C(OCCO)c1ccc(C(=O)OCCO)cc1	9.309179231158128	0.6710655783008014	0.49722627	5-9	>4%	11.781456	48.62790552775065	13872.234744523492
OceanDNA-b41235___OceanDNA-b41235_00029_7	Bis(2-hydroxyethyl) terephthalate (BHET)	O=C(OCCO)c1ccc(C(=O)OCCO)cc1	3.707710971498214	0.6764451492622702	0.4822192	5-9	0.05-4%	16.336422	56.10039393107096	5481.170166630415
OceanDNA-b41237___OceanDNA-b41237_00369_3	Bis(2-hydroxyethyl) terephthalate (BHET)	O=C(OCCO)c1ccc(C(=O)OCCO)cc1	3.2673796117027742	0.4738947705865342	0.5018978	5-9	0.05-4%	17.19605	58.4029795328776	6894.736583944101
OceanDNA-b41239___OceanDNA-b41239_00108_3	Bis(2-hydroxyethyl) terephthalate (BHET)	O=C(OCCO)c1ccc(C(=O)OCCO)cc1	5.180547584935202	0.9260642939856606	0.4862059	5-9	>4%	24.938452	51.276379903157554	5594.155415104925
OceanDNA-b41240___OceanDNA-b41240_00166_4	Bis(2-hydroxyethyl) terephthalate (BHET)	O=C(OCCO)c1ccc(C(=O)OCCO)cc1	14.74486325460549	0.8534332633525407	0.5675234	5-9	>4%	16.674816	56.6027717590332	17277.11338164072
OceanDNA-b41243___OceanDNA-b41243_00005_14	Bis(2-hydroxyethyl) terephthalate (BHET)	O=C(OCCO)c1ccc(C(=O)OCCO)cc1	14.485711809963451	0.8680047049000275	0.56758827	5-9	>4%	16.59312	56.67956034342448	16688.517617691767
OceanDNA-b41246___OceanDNA-b41246_00058_18	Bis(2-hydroxyethyl) terephthalate (BHET)	O=C(OCCO)c1ccc(C(=O)OCCO)cc1	14.55866442866256	0.8350269736775687	0.56092876	5-9	>4%	16.163666	56.415303548177086	17434.96304621668
OceanDNA-b41250___OceanDNA-b41250_00305_3	Bis(2-hydroxyethyl) terephthalate (BHET)	O=C(OCCO)c1ccc(C(=O)OCCO)cc1	6.419760831524	0.5898534857390547	0.59289736	5-9	>4%	16.983274	55.605204264322914	10883.65329142776
OceanDNA-b41253___OceanDNA-b41253_01391_2	Bis(2-hydroxyethyl) terephthalate (BHET)	O=C(OCCO)c1ccc(C(=O)OCCO)cc1	11.629305605215698	0.8349360155451512	0.5618064	5-9	>4%	16.792458	55.995348612467446	13928.37940716047
OceanDNA-b41256___OceanDNA-b41256_01048_1	Bis(2-hydroxyethyl) terephthalate (BHET)	O=C(OCCO)c1ccc(C(=O)OCCO)cc1	6.392655311290923	0.5868553514754891	0.5889499	5-9	>4%	15.429799	55.34267171223959	10893.068104803544
OceanDNA-b41259___OceanDNA-b41259_00058_2	Bis(2-hydroxyethyl) terephthalate (BHET)	O=C(OCCO)c1ccc(C(=O)OCCO)cc1	6.054613330388591	0.9759372062734476	0.65873957	5-9	0.05-4%	14.500977	56.114295959472656	6203.896410003402
OceanDNA-b41259___OceanDNA-b41259_00267_4	Bis(2-hydroxyethyl) terephthalate (BHET)	O=C(OCCO)c1ccc(C(=O)OCCO)cc1	6.833675956181717	0.4795633800792113	0.54916453	5-9	>4%	20.480072	51.040513356526695	14249.786868740839
OceanDNA-b41263___OceanDNA-b41263_00003_15	Bis(2-hydroxyethyl) terephthalate (BHET)	O=C(OCCO)c1ccc(C(=O)OCCO)cc1	15.210680787993754	0.8808835070595219	0.56980157	5-9	>4%	15.86663	56.31263478597005	17267.528187431435
OceanDNA-b41264___OceanDNA-b41264_00713_2	Bis(2-hydroxyethyl) terephthalate (BHET)	O=C(OCCO)c1ccc(C(=O)OCCO)cc1	13.633594931422918	0.8585672305996142	0.5733702	5-9	>4%	18.252476	56.49932861328125	15879.472737273425
OceanDNA-b41266___OceanDNA-b41266_00005_78	Bis(2-hydroxyethyl) terephthalate (BHET)	O=C(OCCO)c1ccc(C(=O)OCCO)cc1	9.228031206805843	0.5599707788418418	0.51783514	5-9	>4%	12.1941595	48.85808181762695	16479.487065185254
OceanDNA-b41266___OceanDNA-b41266_00017_16	Bis(2-hydroxyethyl) terephthalate (BHET)	O=C(OCCO)c1ccc(C(=O)OCCO)cc1	3.563534675518484	0.9480868847480888	0.5300072	5-9	0.05-4%	15.9646635	56.49088668823242	3758.6583390670276
OceanDNA-b41267___OceanDNA-b41267_00011_4	Bis(2-hydroxyethyl) terephthalate (BHET)	O=C(OCCO)c1ccc(C(=O)OCCO)cc1	9.918953593470173	0.6526971725911306	0.6324489	5-9	0.05-4%	17.614315	57.83532460530599	15196.869252693557
OceanDNA-b41267___OceanDNA-b41267_00023_46	Bis(2-hydroxyethyl) terephthalate (BHET)	O=C(OCCO)c1ccc(C(=O)OCCO)cc1	6.332157528609359	0.6809757291157428	0.44567147	5-9	0.05-4%	24.047165	52.027024586995445	9298.653766752834
OceanDNA-b41268___OceanDNA-b41268_00032_23	Bis(2-hydroxyethyl) terephthalate (BHET)	O=C(OCCO)c1ccc(C(=O)OCCO)cc1	9.215294130130786	0.6706554051383262	0.47221467	5-9	>4%	17.905853	49.381368001302086	13740.728934004614
OceanDNA-b41269___OceanDNA-b41269_00080_6	Bis(2-hydroxyethyl) terephthalate (BHET)	O=C(OCCO)c1ccc(C(=O)OCCO)cc1	6.405187307571418	0.5949819376301738	0.5625555	5-9	>4%	14.713257	54.50287755330404	10765.347487830335
OceanDNA-b41270___OceanDNA-b41270_00039_19	Bis(2-hydroxyethyl) terephthalate (BHET)	O=C(OCCO)c1ccc(C(=O)OCCO)cc1	9.103357212793922	0.6321291714838982	0.5335485	5-9	>4%	19.181402	50.88838704427084	14401.102849634593
OceanDNA-b41271___OceanDNA-b41271_00192_2	Bis(2-hydroxyethyl) terephthalate (BHET)	O=C(OCCO)c1ccc(C(=O)OCCO)cc1	4.42954234450378	0.7420979530151054	0.5549962	5-9	>4%	13.718521	53.941827138264976	5968.945644583414
OceanDNA-b41272___OceanDNA-b41272_00007_91	Bis(2-hydroxyethyl) terephthalate (BHET)	O=C(OCCO)c1ccc(C(=O)OCCO)cc1	4.529199468199313	0.7939155167327416	0.56645983	5-9	>4%	13.726166	54.17438252766927	5704.888458206055
OceanDNA-b41273___OceanDNA-b41273_00130_6	Bis(2-hydroxyethyl) terephthalate (BHET)	O=C(OCCO)c1ccc(C(=O)OCCO)cc1	10.792648994084136	0.7335244909543253	0.5006038	5-9	>4%	11.999747	48.15980275472005	14713.413290458446
OceanDNA-b41275___OceanDNA-b41275_00032_19	Bis(2-hydroxyethyl) terephthalate (BHET)	O=C(OCCO)c1ccc(C(=O)OCCO)cc1	8.896294861662625	0.7565489091742096	0.5374489	5-9	>4%	19.812208	56.56314595540365	11759.04789998724
OceanDNA-b41275___OceanDNA-b41275_00042_3	Bis(2-hydroxyethyl) terephthalate (BHET)	O=C(OCCO)c1ccc(C(=O)OCCO)cc1	6.238960767277871	0.6592961720247893	0.5135937	5-9	>4%	16.079813	57.34981028238932	9463.06232617302
OceanDNA-b41275___OceanDNA-b41275_00059_23	Bis(2-hydroxyethyl) terephthalate (BHET)	O=C(OCCO)c1ccc(C(=O)OCCO)cc1	6.019222583824339	0.8419865698747296	0.48818278	5-9	>4%	21.662336	50.76872634887695	7148.834434164284
OceanDNA-b41276___OceanDNA-b41276_01753_1	Bis(2-hydroxyethyl) terephthalate (BHET)	O=C(OCCO)c1ccc(C(=O)OCCO)cc1	7.107590397296817	0.7927351758833155	0.48344857	5-9	0.05-4%	23.37221	58.48705291748047	8965.907674498096
OceanDNA-b41278___OceanDNA-b41278_00214_4	Bis(2-hydroxyethyl) terephthalate (BHET)	O=C(OCCO)c1ccc(C(=O)OCCO)cc1	6.2074342038703625	0.8467575972437954	0.4925053	5-9	>4%	21.534641	50.90490214029948	7330.827882826944
OceanDNA-b41289___OceanDNA-b41289_00169_1	Bis(2-hydroxyethyl) terephthalate (BHET)	O=C(OCCO)c1ccc(C(=O)OCCO)cc1	6.120491668653972	0.6513546184521632	0.6307616	5-9	>4%	19.15235	57.10446802775065	9396.558334380603
OceanDNA-b41291___OceanDNA-b41291_00005_188	Bis(2-hydroxyethyl) terephthalate (BHET)	O=C(OCCO)c1ccc(C(=O)OCCO)cc1	8.02849588560558	0.6338935086076543	0.46818396	5-9	>4%	17.186687	51.16314442952474	12665.370092273311
OceanDNA-b41291___OceanDNA-b41291_00016_48	Bis(2-hydroxyethyl) terephthalate (BHET)	O=C(OCCO)c1ccc(C(=O)OCCO)cc1	9.519506119478002	0.654451380970086	0.62868273	5-9	>4%	18.901333	57.13437525431315	14545.78047549895
OceanDNA-b41297___OceanDNA-b41297_00008_70	Bis(2-hydroxyethyl) terephthalate (BHET)	O=C(OCCO)c1ccc(C(=O)OCCO)cc1	7.6651416867236595	0.6360126330262106	0.48130766	5-9	>4%	16.949717	50.89257685343424	12051.870181024806
OceanDNA-b41298___OceanDNA-b41298_00052_4	Bis(2-hydroxyethyl) terephthalate (BHET)	O=C(OCCO)c1ccc(C(=O)OCCO)cc1	6.518215058165307	0.6320678181362412	0.6081153	5-9	>4%	17.00565	56.13450241088867	10312.524813216032
OceanDNA-b41300___OceanDNA-b41300_00483_3	Bis(2-hydroxyethyl) terephthalate (BHET)	O=C(OCCO)c1ccc(C(=O)OCCO)cc1	8.905075681096928	0.4233938307610673	0.51154166	5-9	>4%	15.76467	48.97570037841797	21032.606131954497
OceanDNA-b41301___OceanDNA-b41301_00384_3	Bis(2-hydroxyethyl) terephthalate (BHET)	O=C(OCCO)c1ccc(C(=O)OCCO)cc1	4.928145815120261	0.725663590982021	0.58162564	5-9	0.05-4%	14.333473	56.54639689127604	6791.226508210413
OceanDNA-b41302___OceanDNA-b41302_00031_1	Bis(2-hydroxyethyl) terephthalate (BHET)	O=C(OCCO)c1ccc(C(=O)OCCO)cc1	11.001253854716794	0.6905492967113845	0.510768	5-9	>4%	11.530766	48.03675842285156	15931.163650601433
OceanDNA-b41302___OceanDNA-b41302_00165_11	Bis(2-hydroxyethyl) terephthalate (BHET)	O=C(OCCO)c1ccc(C(=O)OCCO)cc1	3.7179820682331792	0.5722382793154688	0.51072586	5-9	0.05-4%	15.665094	56.65628178914388	6497.262071808194
OceanDNA-b41303___OceanDNA-b41303_00060_19	Bis(2-hydroxyethyl) terephthalate (BHET)	O=C(OCCO)c1ccc(C(=O)OCCO)cc1	5.286326850667513	0.5116791735335087	0.522034	5-9	>4%	17.538803	48.99683888753256	10331.330888770919
OceanDNA-b41304___OceanDNA-b41304_00009_76	Bis(2-hydroxyethyl) terephthalate (BHET)	O=C(OCCO)c1ccc(C(=O)OCCO)cc1	11.726566662002336	0.4516845567818509	0.5304976	5-9	>4%	13.618431	47.89348856608073	25961.849892658363
OceanDNA-b41304___OceanDNA-b41304_00029_48	Bis(2-hydroxyethyl) terephthalate (BHET)	O=C(OCCO)c1ccc(C(=O)OCCO)cc1	4.183817501075486	0.672511107953589	0.5888937	5-9	0.05-4%	17.930439	57.0455182393392	6221.187206567623
OceanDNA-b41309___OceanDNA-b41309_00109_6	Bis(2-hydroxyethyl) terephthalate (BHET)	O=C(OCCO)c1ccc(C(=O)OCCO)cc1	5.730740552320985	0.8709593524515603	0.6340338	5-9	0.05-4%	13.878057	56.05887349446615	6579.802531760181
OceanDNA-b41310___OceanDNA-b41310_00036_8	Bis(2-hydroxyethyl) terephthalate (BHET)	O=C(OCCO)c1ccc(C(=O)OCCO)cc1	6.327540328955958	1.0922526259029608	0.5530019	5-9	>4%	22.29142	50.56554158528646	5793.11065855759
OceanDNA-b41312___OceanDNA-b41312_00003_7	Bis(2-hydroxyethyl) terephthalate (BHET)	O=C(OCCO)c1ccc(C(=O)OCCO)cc1	8.69964603002504	0.5290524745635228	0.52024364	5-9	0.05-4%	17.110294	57.207401275634766	16443.82447544999
OceanDNA-b41312___OceanDNA-b41312_00008_133	Bis(2-hydroxyethyl) terephthalate (BHET)	O=C(OCCO)c1ccc(C(=O)OCCO)cc1	6.483131161517618	0.5854127977271193	0.46889174	5-9	0.05-4%	18.12822	51.59305191040039	11074.460938825641
OceanDNA-b41314___OceanDNA-b41314_00128_4	Bis(2-hydroxyethyl) terephthalate (BHET)	O=C(OCCO)c1ccc(C(=O)OCCO)cc1	10.515256605232594	0.6770604190704995	0.616811	5-9	>4%	19.880774	56.37061309814453	15530.750741076305
OceanDNA-b41314___OceanDNA-b41314_00391_3	Bis(2-hydroxyethyl) terephthalate (BHET)	O=C(OCCO)c1ccc(C(=O)OCCO)cc1	7.862827364582419	0.600322191532231	0.47259662	5-9	>4%	16.736465	49.143080393473305	13097.679005524931
OceanDNA-b41316___OceanDNA-b41316_00399_4	Bis(2-hydroxyethyl) terephthalate (BHET)	O=C(OCCO)c1ccc(C(=O)OCCO)cc1	3.992698646991837	0.6635293508266351	0.55852413	5-9	>4%	18.033909	46.83060201009115	6017.365534799133
OceanDNA-b41317___OceanDNA-b41317_00012_40	Bis(2-hydroxyethyl) terephthalate (BHET)	O=C(OCCO)c1ccc(C(=O)OCCO)cc1	2.9512256672039627	0.7529630860447487	0.59391737	5-9	0.05-4%	14.190834	57.05222447713216	3919.482537592249
OceanDNA-b41339___OceanDNA-b41339_00500_2	Bis(2-hydroxyethyl) terephthalate (BHET)	O=C(OCCO)c1ccc(C(=O)OCCO)cc1	9.323343330134314	1.3367362082457193	0.5585667	5-9	>4%	26.3915	47.82218933105469	6974.706956109095
OceanDNA-b41340___OceanDNA-b41340_00065_5	Bis(2-hydroxyethyl) terephthalate (BHET)	O=C(OCCO)c1ccc(C(=O)OCCO)cc1	8.650179494121693	1.0813330849384792	0.56538916	5-9	>4%	26.639143	47.561753590901695	7999.5513081095
OceanDNA-b41349___OceanDNA-b41349_00018_4	Bis(2-hydroxyethyl) terephthalate (BHET)	O=C(OCCO)c1ccc(C(=O)OCCO)cc1	12.377288198909346	0.9109548602080488	0.54165894	5-9	>4%	27.86966	46.25735982259115	13587.158639323306
OceanDNA-b41350___OceanDNA-b41350_00326_2	Bis(2-hydroxyethyl) terephthalate (BHET)	O=C(OCCO)c1ccc(C(=O)OCCO)cc1	13.699057263196256	1.0556510118836862	0.5327486	5-9	>4%	26.528229	46.32716751098633	12976.880720032546
OceanDNA-b41351___OceanDNA-b41351_00358_3	Bis(2-hydroxyethyl) terephthalate (BHET)	O=C(OCCO)c1ccc(C(=O)OCCO)cc1	13.633358695844004	1.0246324909583422	0.54974526	5-9	>4%	26.182535	45.6266975402832	13305.608416821407
OceanDNA-b41352___OceanDNA-b41352_00556_2	Bis(2-hydroxyethyl) terephthalate (BHET)	O=C(OCCO)c1ccc(C(=O)OCCO)cc1	13.661614897563814	1.0257519097853969	0.54567	5-9	>4%	26.048883	45.91096369425456	13318.63462035575
OceanDNA-b41353___OceanDNA-b41353_00007_35	Bis(2-hydroxyethyl) terephthalate (BHET)	O=C(OCCO)c1ccc(C(=O)OCCO)cc1	12.531342680736923	0.9247942073994414	0.5411223	5-9	>4%	27.733063	46.0865364074707	13550.412167887129
OceanDNA-b41353___OceanDNA-b41353_00007_36	Bis(2-hydroxyethyl) terephthalate (BHET)	O=C(OCCO)c1ccc(C(=O)OCCO)cc1	13.414764376993435	1.0281902161537346	0.5447033	5-9	>4%	27.069778	46.92452748616537	13046.967541838254
OceanDNA-b41354___OceanDNA-b41354_00119_3	Bis(2-hydroxyethyl) terephthalate (BHET)	O=C(OCCO)c1ccc(C(=O)OCCO)cc1	13.612730909396252	1.028368233638025	0.5445968	5-9	>4%	26.011011	45.46072769165039	13237.214515309299
OceanDNA-b41355___OceanDNA-b41355_00495_1	Bis(2-hydroxyethyl) terephthalate (BHET)	O=C(OCCO)c1ccc(C(=O)OCCO)cc1	11.073912556098287	0.9063786637123202	0.55743015	5-9	>4%	28.101507	47.0540771484375	12217.755116544853
OceanDNA-b41355___OceanDNA-b41355_00495_2	Bis(2-hydroxyethyl) terephthalate (BHET)	O=C(OCCO)c1ccc(C(=O)OCCO)cc1	12.68892157708444	0.8897033159812738	0.5492951	5-9	>4%	28.918768	49.28324508666992	14261.969523053358
OceanDNA-b41357___OceanDNA-b41357_00071_2	Bis(2-hydroxyethyl) terephthalate (BHET)	O=C(OCCO)c1ccc(C(=O)OCCO)cc1	10.891854791070848	0.8189072105365544	0.56659573	5-9	>4%	30.308954	48.88093821207682	13300.474890109248
OceanDNA-b41358___OceanDNA-b41358_00010_10	Bis(2-hydroxyethyl) terephthalate (BHET)	O=C(OCCO)c1ccc(C(=O)OCCO)cc1	17.06572329999501	0.8671521871036383	0.5369455	5-9	>4%	26.145416	46.58703867594401	19680.194034908647
OceanDNA-b41358___OceanDNA-b41358_00010_11	Bis(2-hydroxyethyl) terephthalate (BHET)	O=C(OCCO)c1ccc(C(=O)OCCO)cc1	13.243816513409373	0.9155958603015342	0.5505737	5-9	>4%	27.254547	47.07125981648763	14464.696803071796
OceanDNA-b41360___OceanDNA-b41360_00856_2	Bis(2-hydroxyethyl) terephthalate (BHET)	O=C(OCCO)c1ccc(C(=O)OCCO)cc1	12.984698401361626	0.9249272774817828	0.5420443	5-9	>4%	27.93429	45.643697102864586	14038.615486304943
OceanDNA-b41361___OceanDNA-b41361_00212_2	Bis(2-hydroxyethyl) terephthalate (BHET)	O=C(OCCO)c1ccc(C(=O)OCCO)cc1	10.242351275602775	0.8603879220426333	0.56691796	5-9	>4%	29.8677	47.96453348795573	11904.341068952446
OceanDNA-b41361___OceanDNA-b41361_00212_3	Bis(2-hydroxyethyl) terephthalate (BHET)	O=C(OCCO)c1ccc(C(=O)OCCO)cc1	17.049928666456484	0.8785702199175156	0.53733444	5-9	>4%	25.90097	46.44215265909831	19406.449569912824
OceanDNA-b41362___OceanDNA-b41362_00204_4	Bis(2-hydroxyethyl) terephthalate (BHET)	O=C(OCCO)c1ccc(C(=O)OCCO)cc1	12.784428645553568	0.8340612034395843	0.5420675	5-9	>4%	25.727253	46.47601318359375	15327.926287461725
OceanDNA-b41366___OceanDNA-b41366_00927_2	Bis(2-hydroxyethyl) terephthalate (BHET)	O=C(OCCO)c1ccc(C(=O)OCCO)cc1	12.439826292087323	0.9834588989039116	0.5403143	5-9	>4%	27.022089	46.96390151977539	12649.055599529178
OceanDNA-b41367___OceanDNA-b41367_00074_6	Bis(2-hydroxyethyl) terephthalate (BHET)	O=C(OCCO)c1ccc(C(=O)OCCO)cc1	7.980923156635289	1.164983026718092	0.5731759	5-9	>4%	27.640211	47.63833491007487	6850.677626710651
OceanDNA-b41379___OceanDNA-b41379_00004_76	Bis(2-hydroxyethyl) terephthalate (BHET)	O=C(OCCO)c1ccc(C(=O)OCCO)cc1	12.55368062224911	0.9673181820065254	0.55559856	5-9	>4%	24.733524	48.06906382242838	12977.819352272265
OceanDNA-b41392___OceanDNA-b41392_00015_24	Bis(2-hydroxyethyl) terephthalate (BHET)	O=C(OCCO)c1ccc(C(=O)OCCO)cc1	30.17290251894073	2.6472256275637256	0.54515976	9-14	>4%	23.464247	45.382102966308594	11397.933823536312
OceanDNA-b41394___OceanDNA-b41394_00244_3	Bis(2-hydroxyethyl) terephthalate (BHET)	O=C(OCCO)c1ccc(C(=O)OCCO)cc1	31.7302132541026	2.480888649926733	0.5188053	5-9	>4%	24.70336	46.00528208414713	12789.85788219059
OceanDNA-b6426___OceanDNA-b6426_00002_525	Bis(2-hydroxyethyl) terephthalate (BHET)	O=C(OCCO)c1ccc(C(=O)OCCO)cc1	11.454831386312238	1.694130581832675	0.52881557	5-9	0.05-4%	12.408893	45.34973653157552	6761.480790884869
OceanDNA-b6468___OceanDNA-b6468_00043_6	Bis(2-hydroxyethyl) terephthalate (BHET)	O=C(OCCO)c1ccc(C(=O)OCCO)cc1	11.992904453219866	1.4330782444531696	0.5670455	5-9	0.05-4%	13.2284775	45.639581044514976	8368.631998733668
OceanDNA-b6657___OceanDNA-b6657_00015_55	Bis(2-hydroxyethyl) terephthalate (BHET)	O=C(OCCO)c1ccc(C(=O)OCCO)cc1	7.673670038193647	1.630623863880634	0.50837415	5-9	0.05-4%	12.283563	44.5721321105957	4705.97187258838
