sequence_id	sequence_length	molecular_weight_kda	isoelectric_point	extinction_coefficient_reduced	extinction_coefficient_oxidized	instability_index	avg_flexibility	n_complete	c_complete
OceanDNA-b41082___OceanDNA-b41082_00003_6	305	32.31463610000001	5.695403480529785	48360	48610	43.988229508196724	1.000109475546976	1	0
OceanDNA-b41034___OceanDNA-b41034_00008_120	310	33.35584330000001	8.314116859436037	39880	40130	41.23067741935482	1.002048370510995	1	0
OceanDNA-b10711___OceanDNA-b10711_00007_103	366	39.4448242	4.567831611633301	41370	41620	36.161229508196726	0.9992704748566094	1	0
OceanDNA-b41272___OceanDNA-b41272_00007_91	201	21.443624399999994	5.695460319519043	19480	19480	40.59203980099502	0.9966509796626983	1	0
OceanDNA-b40999___OceanDNA-b40999_00006_54	218	23.757988599999994	4.783251380920409	41940	42065	56.09082568807341	0.99141410344042	1	0
OceanDNA-b41016___OceanDNA-b41016_00001_73	301	32.53706890000002	7.699659919738769	45380	45630	38.43823920265781	0.9986762883235494	1	0
OceanDNA-b41209___OceanDNA-b41209_00033_9	308	32.63304520000001	6.514396476745605	45380	45630	40.286720779220765	1.000168975951584	1	0
OceanDNA-b41291___OceanDNA-b41291_00005_188	219	24.1324043	5.008163261413574	36440	36565	55.861643835616434	0.9894668934240365	1	0
OceanDNA-b41360___OceanDNA-b41360_00856_2	292	31.712781500000016	4.467340278625487	48360	48485	40.44349315068493	1.0022559734141012	1	0
OceanDNA-b38920___OceanDNA-b38920_00086_12	310	32.52066600000002	5.826189994812012	42400	42775	30.838741935483874	1.0016555529188413	1	0
OceanDNA-b41055___OceanDNA-b41055_00027_45	307	32.67244750000002	7.0024728775024405	42400	42650	41.75833876221499	0.9981289549376802	1	0
OceanDNA-b41003___OceanDNA-b41003_00007_69	218	23.95999949999999	5.311967658996582	41940	42065	64.89908256880733	0.9931134654818863	1	0
OceanDNA-b41278___OceanDNA-b41278_00214_4	219	24.032219699999995	4.768927955627441	34950	35075	53.28812785388128	0.9931883219954653	1	0
OceanDNA-b10726___OceanDNA-b10726_00197_2	366	39.26870109999998	4.569366264343262	41370	41620	38.04101092896174	0.9987621048419358	1	0
OceanDNA-b10712___OceanDNA-b10712_00001_125	366	39.282727699999974	4.569366264343262	41370	41620	38.04101092896174	0.9987523676137112	1	0
OceanDNA-b41219___OceanDNA-b41219_00194_3	219	24.178386700000004	4.90534152984619	36440	36565	57.48036529680365	0.9901811791383224	1	0
OceanDNA-b40991___OceanDNA-b40991_00053_22	218	23.79202639999999	4.783251380920409	41940	42065	56.76055045871561	0.9916150603782192	1	0
OceanDNA-b41349___OceanDNA-b41349_00018_4	292	31.668729000000024	4.467340278625487	48360	48485	40.95821917808218	1.002215253239105	1	0
OceanDNA-b41043___OceanDNA-b41043_00086_16	308	33.09167080000002	5.095922660827636	42400	42650	38.70133116883117	0.9997482083134259	1	0
OceanDNA-b41033___OceanDNA-b41033_00018_21	316	33.925516200000004	5.095922660827636	46410	46660	40.903196202531646	1.0009567240577018	1	0
OceanDNA-b40962___OceanDNA-b40962_00005_35	223	24.3614969	4.959793281555174	41940	42065	57.97757847533632	0.9927851579884291	1	0
OceanDNA-b41137___OceanDNA-b41137_00017_20	304	32.34175070000001	6.410437965393067	48360	48610	45.982927631578946	0.9993635593220344	1	0
OceanDNA-b41275___OceanDNA-b41275_00059_23	219	24.018193099999994	4.754661369323729	34950	35075	53.28812785388128	0.9930645124716557	1	0
OceanDNA-b41212___OceanDNA-b41212_00052_16	308	32.550987800000016	6.514623832702637	42400	42650	41.13672077922076	1.0005234910017513	1	0
OceanDNA-b41309___OceanDNA-b41309_00109_6	201	21.04214159999998	5.570471382141112	20970	20970	26.114427860696512	0.9994397941468253	1	0
OceanDNA-b41042___OceanDNA-b41042_00015_42	308	33.07764420000001	5.095922660827636	42400	42650	38.425681818181815	0.9997615862398473	1	0
OceanDNA-b38376___OceanDNA-b38376_00006_155	311	33.17988970000002	6.960582542419433	62340	62465	32.99263665594856	0.9956600835698517	1	0
OceanDNA-b41187___OceanDNA-b41187_00007_6	305	32.3128785	4.890279197692871	45380	45630	30.729540983606555	0.9991329231016732	1	0
OceanDNA-b41161___OceanDNA-b41161_00020_6	305	32.42671960000001	5.163731575012205	48360	48610	41.98527868852459	1.0003831241956247	1	0
OceanDNA-b41291___OceanDNA-b41291_00016_48	201	21.21325269999999	5.52193088531494	24980	24980	31.425373134328353	0.9965957341269845	1	0
OceanDNA-b6468___OceanDNA-b6468_00043_6	365	39.50602680000001	4.482232093811036	45840	46090	28.100849315068512	0.9976522204387375	1	0
OceanDNA-b40988___OceanDNA-b40988_00006_18	218	23.79206949999999	4.893575859069824	41940	42065	57.3724770642202	0.9919260651629083	1	0
OceanDNA-b41063___OceanDNA-b41063_00312_1	309	33.01057450000002	9.077486991882324	42400	42650	36.97737864077669	1.000014603174603	1	0
OceanDNA-b41268___OceanDNA-b41268_00032_23	219	24.000092799999997	4.777510643005371	36440	36565	58.278538812785364	0.9909909297052159	1	0
OceanDNA-b41014___OceanDNA-b41014_00092_3	303	32.3128714	7.682949256896973	45380	45630	36.33435643564356	0.9982049319727898	1	0
OceanDNA-b41312___OceanDNA-b41312_00008_133	219	23.95104529999999	4.854243278503417	45950	46075	61.84657534246574	0.992444387755101	1	0
OceanDNA-b41275___OceanDNA-b41275_00042_3	201	21.21205549999997	4.737439155578613	31970	31970	32.11592039800995	0.995754774305556	1	0
OceanDNA-b38601___OceanDNA-b38601_00072_3	314	34.21344290000001	6.170065879821778	45380	45755	31.304490445859866	0.9998398516783763	1	0
OceanDNA-b40948___OceanDNA-b40948_01888_2	201	21.009241099999976	5.830168724060059	18450	18450	30.353233830845767	0.9957804439484126	1	0
OceanDNA-b41357___OceanDNA-b41357_00071_2	292	31.868965500000023	4.457507133483887	53860	53985	40.87260273972602	1.0019132172303555	1	0
OceanDNA-b38378___OceanDNA-b38378_00019_25	311	33.165863100000024	6.960582542419433	62340	62465	32.99263665594856	0.9958223352254807	1	0
OceanDNA-b41066___OceanDNA-b41066_00124_3	303	32.30180250000001	6.948760032653809	45380	45630	38.7703300330033	0.998480968577908	1	0
OceanDNA-b41186___OceanDNA-b41186_00034_7	305	32.338915799999995	4.890279197692871	45380	45630	31.36101639344262	0.9993525176962679	1	0
OceanDNA-b41300___OceanDNA-b41300_00483_3	218	24.466541599999996	5.093819618225097	44920	45045	59.168807339449536	0.9943047960811123	1	0
OceanDNA-b40968___OceanDNA-b40968_00063_10	218	23.634754999999984	4.964226722717284	40450	40575	56.249082568807324	0.9913073593073594	1	0
OceanDNA-b2914___OceanDNA-b2914_00156_1	216	21.65715429999998	8.912641334533692	10430	10680	34.01527777777777	0.993587876696572	1	0
OceanDNA-b38936___OceanDNA-b38936_00106_9	306	32.24359720000001	8.52963466644287	40910	41285	34.834346405228764	1.000673120089786	1	0
OceanDNA-b40951___OceanDNA-b40951_00025_21	201	21.49545879999998	5.619978141784667	24980	24980	35.79751243781095	0.9965548115079371	1	0
OceanDNA-b41217___OceanDNA-b41217_00036_9	219	24.179331700000002	4.90534152984619	36440	36565	57.48036529680365	0.9907573696145129	1	0
OceanDNA-b41213___OceanDNA-b41213_00088_4	228	25.092368499999996	5.0202131271362305	38960	39085	55.46359649122807	0.9920423461622091	1	0
OceanDNA-b41178___OceanDNA-b41178_00113_10	304	32.196548	5.826758384704591	48360	48610	36.55858552631578	0.999172962066183	1	0
OceanDNA-b2882___OceanDNA-b2882_00095_4	216	21.699233999999983	8.929918861389162	8940	9190	30.491666666666664	0.9933270071313546	1	0
OceanDNA-b41044___OceanDNA-b41044_00005_185	309	33.13567490000001	5.861657524108886	39420	39670	41.92786407766988	1.0010217063492068	1	0
OceanDNA-b41354___OceanDNA-b41354_00119_3	292	31.871889500000023	4.333484458923341	46870	46995	41.813047945205476	1.0031071428571425	1	0
OceanDNA-b41392___OceanDNA-b41392_00015_24	309	32.56593870000001	4.982017326354979	44920	45295	39.22592233009707	1.0006294444444448	1	0
OceanDNA-b41361___OceanDNA-b41361_00212_2	292	31.909976100000033	4.481891059875489	52370	52495	37.53630136986301	1.0025775281844187	1	0
OceanDNA-b41316___OceanDNA-b41316_00399_4	218	24.2312926	5.3511865615844725	39420	39545	53.05183486238532	0.997413476874003	1	0
OceanDNA-b40998___OceanDNA-b40998_00043_5	218	23.786041699999995	4.783251380920409	41940	42065	57.10642201834864	0.9911605149236736	1	0
OceanDNA-b2899___OceanDNA-b2899_00508_2	216	21.68718029999998	8.912641334533692	10430	10680	34.01527777777777	0.9936506786289391	1	0
OceanDNA-b41074___OceanDNA-b41074_00002_9	304	32.265654800000014	6.410551643371583	46870	47120	46.61648026315789	0.9997601694915257	1	0
OceanDNA-b2837___OceanDNA-b2837_00033_12	462	48.578304500000115	5.359882926940918	87430	87555	45.99437229437231	0.9961903710711653	1	0
OceanDNA-b41228___OceanDNA-b41228_00370_2	219	24.0391454	4.729595375061035	36440	36565	55.67716894977167	0.9917226757369613	1	0
OceanDNA-b41304___OceanDNA-b41304_00009_76	219	24.026391800000003	4.912616920471191	44920	45045	47.61050228310501	0.9926812358276648	1	0
OceanDNA-b41358___OceanDNA-b41358_00010_10	292	31.91794300000002	4.45767765045166	51340	51465	41.6466095890411	1.0024765690728588	1	0
OceanDNA-b38643___OceanDNA-b38643_00125_5	314	34.20138920000001	6.170065879821778	45380	45755	30.02773885350318	1.0000693598750978	1	0
OceanDNA-b41192___OceanDNA-b41192_00152_4	305	32.2988519	4.890279197692871	45380	45630	31.00790163934426	0.999298463642214	1	0
OceanDNA-b41006___OceanDNA-b41006_00026_17	218	23.798934699999993	4.799109458923341	41940	42065	55.79082568807341	0.9921318067897021	1	0
OceanDNA-b41275___OceanDNA-b41275_00032_19	201	21.248175399999973	4.799848365783691	30480	30480	30.832338308457718	0.9950081225198414	1	0
OceanDNA-b41263___OceanDNA-b41263_00003_15	201	21.24314779999998	4.8744211196899405	30480	30480	30.69253731343283	0.9980455729166667	1	0
OceanDNA-b41256___OceanDNA-b41256_01048_1	201	21.172069999999984	5.029250526428222	30480	30480	35.22835820895522	0.9987799479166671	1	0
OceanDNA-b41167___OceanDNA-b41167_00078_3	304	32.366785	6.190698432922363	53860	54110	40.613848684210524	0.9984686440677972	1	0
OceanDNA-b40975___OceanDNA-b40975_00935_2	218	23.654791099999983	5.118203544616699	41940	42065	57.678899082568805	0.9907794486215544	1	0
OceanDNA-b41235___OceanDNA-b41235_00007_63	218	24.207341900000007	5.252570915222167	43430	43555	46.687155963302764	0.9921903053087269	1	0
OceanDNA-b41018___OceanDNA-b41018_00007_91	300	32.38565810000003	4.585679054260253	42860	43110	36.51403333333334	1.000279291441663	1	0
OceanDNA-b40989___OceanDNA-b40989_00081_1	218	23.77403109999999	4.893575859069824	41940	42065	57.718348623853224	0.9918064479380276	1	0
OceanDNA-b41094___OceanDNA-b41094_00238_3	298	31.650979800000023	6.065538978576659	46870	47120	47.29500000000001	0.9991172763222941	1	0
OceanDNA-b41301___OceanDNA-b41301_00384_3	201	21.177184099999977	6.277321052551269	20970	20970	23.998009950248736	0.9986471974206351	1	0
OceanDNA-b41070___OceanDNA-b41070_00091_7	305	32.74214090000001	5.1840230941772445	48360	48610	37.043639344262296	0.9996702863577872	1	0
OceanDNA-b41267___OceanDNA-b41267_00023_46	217	23.717762399999984	4.726355552673339	42970	43095	55.45806451612903	0.9923731684981685	1	0
OceanDNA-b40950___OceanDNA-b40950_00384_2	201	21.50948539999998	5.6300386428833	24980	24980	36.21990049751244	0.9966902281746038	1	0
OceanDNA-b41239___OceanDNA-b41239_00108_3	219	24.203477799999998	4.655136299133301	36440	36565	63.14429223744291	0.9943188208616783	1	0
OceanDNA-b41017___OceanDNA-b41017_00012_14	305	32.544958800000025	8.667210197448732	43890	44140	40.456754098360655	0.9995093307593316	1	0
OceanDNA-b41339___OceanDNA-b41339_00500_2	291	31.53163400000002	4.31580753326416	54320	54445	37.071134020618565	1.0006197652819993	1	0
OceanDNA-b41250___OceanDNA-b41250_00305_3	201	21.142043999999984	5.029250526428222	30480	30480	35.22835820895522	0.9987122395833339	1	0
OceanDNA-b41312___OceanDNA-b41312_00003_7	201	21.20424879999998	5.053520774841308	20970	20970	37.66467661691541	0.9937622767857145	1	0
OceanDNA-b39116___OceanDNA-b39116_00663_2	308	32.67865010000002	4.762050437927246	49390	49765	43.62373376623377	1.000381907947125	1	0
OceanDNA-b41211___OceanDNA-b41211_00093_12	308	32.9894844	5.230119514465331	46410	46660	36.980876623376616	1.0001643175664923	1	0
OceanDNA-b41243___OceanDNA-b41243_00005_14	201	21.185111699999975	4.994862937927246	30480	30480	31.65074626865671	0.99786328125	1	0
OceanDNA-b41310___OceanDNA-b41310_00036_8	218	23.989097199999996	4.894257926940917	39420	39545	50.821559633027526	0.9956805650489857	1	0
OceanDNA-b41229___OceanDNA-b41229_00008_3	219	24.155434999999997	4.655136299133301	36440	36565	63.14429223744291	0.9943950113378688	1	0
OceanDNA-b40980___OceanDNA-b40980_00101_4	218	23.673911899999993	4.861404991149903	41940	42065	54.33807339449543	0.9916533378901807	1	0
OceanDNA-b41237___OceanDNA-b41237_00369_3	201	21.30539109999998	9.411046409606932	22460	22460	40.98009950248757	0.9980094246031744	1	0
OceanDNA-b39172___OceanDNA-b39172_00154_8	308	32.33159440000001	5.824655342102051	47900	48275	31.906201298701298	1.0004297658862886	1	0
OceanDNA-b41177___OceanDNA-b41177_00811_1	305	32.42589720000001	6.505302238464354	48360	48610	38.14921311475409	0.9985233268983275	1	0
OceanDNA-b6426___OceanDNA-b6426_00002_525	365	39.31102330000001	4.835600090026855	39880	40130	27.874547945205492	0.9964138242375599	1	0
OceanDNA-b10709___OceanDNA-b10709_00006_104	366	39.443839399999995	4.605345344543457	41370	41620	37.27215846994536	0.9992144524476458	1	0
OceanDNA-b41226___OceanDNA-b41226_00144_5	201	21.252401099999986	5.780605125427246	24980	24980	31.955223880597007	0.9958301091269844	1	0
OceanDNA-b41212___OceanDNA-b41212_00105_8	308	32.9754578	5.219661140441893	46410	46660	37.22568181818181	1.000077361044753	1	0
OceanDNA-b41361___OceanDNA-b41361_00212_3	292	31.917943000000026	4.45767765045166	51340	51465	41.257226027397266	1.0024765690728588	1	0
OceanDNA-b38600___OceanDNA-b38600_00079_2	310	33.71911489999999	8.617440605163576	48360	48735	28.308419354838698	0.9985917180825817	1	0
OceanDNA-b41181___OceanDNA-b41181_00011_92	305	32.342904499999996	4.890279197692871	45380	45630	31.36101639344263	0.9991835987773489	1	0
OceanDNA-b41214___OceanDNA-b41214_00472_5	184	19.535184699999984	4.840601921081542	15470	15470	35.33586956521737	0.995517482993197	0	0
OceanDNA-b38901___OceanDNA-b38901_00134_3	310	32.43652680000001	5.419961738586425	40910	41285	29.1893870967742	1.0012936639772183	1	0
OceanDNA-b40951___OceanDNA-b40951_00126_6	218	23.890035199999986	4.874818992614746	38960	39085	60.10871559633026	0.9930153223969013	1	0
OceanDNA-b41298___OceanDNA-b41298_00052_4	201	21.185197799999983	4.97940273284912	24980	24980	35.32636815920398	0.9966489335317464	1	0
OceanDNA-b41362___OceanDNA-b41362_00204_4	292	31.94398030000002	4.45767765045166	51340	51465	41.594212328767135	1.0027062510516571	1	0
OceanDNA-b41352___OceanDNA-b41352_00556_2	292	31.825798000000027	4.333484458923341	46870	46995	41.39044520547945	1.0031302793202084	1	0
OceanDNA-b41231___OceanDNA-b41231_00013_39	201	21.403356599999977	5.347264671325683	30480	30480	33.15323383084577	0.9960823412698417	1	0
OceanDNA-b41223___OceanDNA-b41223_00285_5	201	21.15526289999999	6.410722160339356	24980	24980	33.79353233830846	0.9958249007936514	1	0
OceanDNA-b41007___OceanDNA-b41007_00010_71	218	23.8099606	4.899146080017089	41940	42065	55.817431192660564	0.9911892230576448	1	0
OceanDNA-b41081___OceanDNA-b41081_00233_1	294	31.197518600000013	6.18922061920166	50880	51005	42.2507142857143	0.99780179615706	1	0
OceanDNA-b38932___OceanDNA-b38932_00019_25	310	32.67792940000001	6.146307182312011	40910	41285	34.51616129032258	1.0012303037494061	1	0
OceanDNA-b41302___OceanDNA-b41302_00165_11	201	21.33832649999998	6.728224754333497	27960	27960	35.4223880597015	0.9974464285714285	1	0
OceanDNA-b41340___OceanDNA-b41340_00065_5	291	31.57564350000002	4.285853385925294	54320	54445	37.49518900343644	1.0009176376224247	1	0
OceanDNA-b41355___OceanDNA-b41355_00495_2	268	29.339834599999993	4.220147514343262	46870	46995	42.5690671641791	1.00419686523258	0	0
OceanDNA-b40976___OceanDNA-b40976_00033_18	218	23.668817699999984	5.132129096984862	41940	42065	59.694495412844034	0.9909038505354298	1	0
OceanDNA-b40960___OceanDNA-b40960_00001_36	223	24.4065343	4.872545433044433	41940	42065	57.786547085201796	0.9926402981753448	1	0
OceanDNA-b6657___OceanDNA-b6657_00015_55	364	39.53408809999997	4.529010581970215	42860	43110	23.726978021978027	0.9979534205231388	1	0
OceanDNA-b41303___OceanDNA-b41303_00060_19	218	24.186377699999998	4.923927879333495	37930	38055	54.97155963302754	0.9946226930963776	1	0
OceanDNA-b41009___OceanDNA-b41009_00120_11	218	23.76989339999999	4.766256523132324	41940	42065	57.85366972477065	0.9919978354978359	1	0
OceanDNA-b38379___OceanDNA-b38379_00056_5	311	33.22389920000002	6.512066078186035	62340	62465	32.37334405144694	0.9959382292652159	1	0
OceanDNA-b41015___OceanDNA-b41015_00009_21	300	32.37158840000003	4.5294084548950195	42860	43110	35.4417	1.0001180248731798	1	0
OceanDNA-b41353___OceanDNA-b41353_00007_36	292	31.823739100000026	4.305405998229981	48360	48485	40.36578767123287	1.0034553676594309	1	0
OceanDNA-b38647___OceanDNA-b38647_00754_1	314	34.24342590000001	5.984372901916504	45380	45755	28.897802547770695	0.9999873926619828	1	0
OceanDNA-b41221___OceanDNA-b41221_00372_4	208	22.04016989999999	5.1525911331176735	24980	24980	35.801442307692305	0.9966628379995215	0	0
OceanDNA-b40958___OceanDNA-b40958_00005_2	223	24.4065343	4.885845756530761	41940	42065	62.5390134529148	0.9929533822874944	1	0
OceanDNA-b38929___OceanDNA-b38929_00130_5	310	32.63276960000002	5.628333473205566	42400	42775	32.986483870967746	1.0018881110583764	1	0
OceanDNA-b41264___OceanDNA-b41264_00713_2	201	21.20913319999998	5.012483024597167	30480	30480	31.27562189054726	0.9976497395833337	1	0
OceanDNA-b41102___OceanDNA-b41102_00028_4	304	32.37177670000001	6.410437965393067	48360	48610	46.61648026315789	0.9994144067796614	1	0
OceanDNA-b40949___OceanDNA-b40949_01097_2	214	23.233308699999995	4.667299842834471	41940	42065	59.77056074766356	0.9921993031358888	1	0
OceanDNA-b41176___OceanDNA-b41176_00007_146	307	32.7545248	6.295168495178221	42400	42650	36.42674267100977	0.9980570869287304	1	0
OceanDNA-b38385___OceanDNA-b38385_00430_3	291	30.776193800000016	6.185412406921387	53860	53985	30.58731958762887	0.9965357565011818	1	0
OceanDNA-b40966___OceanDNA-b40966_00041_29	218	23.595718899999977	4.846228981018065	40450	40575	56.6123853211009	0.9916518569150148	1	0
OceanDNA-b41259___OceanDNA-b41259_00058_2	201	21.27652049999998	6.29602108001709	20970	20970	22.437313432835804	1.0009020337301584	1	0
OceanDNA-b41044___OceanDNA-b41044_00002_69	308	33.21776230000002	7.697272682189942	36900	37150	41.99775974025972	1.0015272336359289	1	0
OceanDNA-b41350___OceanDNA-b41350_00326_2	292	31.83780870000003	4.333484458923341	46870	46995	40.472636986301374	1.0034498990408882	1	0
OceanDNA-b41096___OceanDNA-b41096_00361_1	285	30.379326799999998	5.771113014221191	48360	48610	45.92915789473684	1.0005432625948927	0	0
OceanDNA-b41224___OceanDNA-b41224_00454_2	201	21.13628109999999	6.835650444030762	24980	24980	36.46716417910448	0.9962519841269847	1	0
OceanDNA-b38360___OceanDNA-b38360_01024_2	312	34.172421199999995	4.293128776550293	71850	72225	31.52086538461538	0.999736484362722	1	0
OceanDNA-b40995___OceanDNA-b40995_00048_2	218	23.743961999999993	4.783251380920409	41940	42065	57.10642201834864	0.991433242196401	1	0
OceanDNA-b41232___OceanDNA-b41232_00037_23	201	21.46655599999998	5.514939689636229	37470	37470	34.71895522388059	0.994313740079365	1	0
OceanDNA-b10725___OceanDNA-b10725_00030_8	366	39.30179709999998	4.611029243469238	41370	41620	37.862322404371575	0.9984343737494988	1	0
OceanDNA-b41314___OceanDNA-b41314_00128_4	201	21.28132979999999	5.510619926452636	24980	24980	31.4228855721393	0.9966426091269844	1	0
OceanDNA-b40954___OceanDNA-b40954_00230_2	223	24.4055495	4.972923088073729	41940	42065	61.67533632286996	0.9929300178015132	1	0
OceanDNA-b41022___OceanDNA-b41022_00141_3	308	33.160736100000015	5.095922660827636	42400	42650	39.05327922077922	0.9994037267080749	1	0
OceanDNA-b41302___OceanDNA-b41302_00031_1	218	24.368650000000006	5.302702903747559	43430	43555	44.53256880733946	0.992661426293006	1	0
OceanDNA-b41246___OceanDNA-b41246_00058_18	201	21.21912789999998	4.994862937927246	30480	30480	31.65074626865671	0.9977591145833333	1	0
OceanDNA-b41001___OceanDNA-b41001_00122_8	218	23.773987999999996	4.783251380920409	41940	42065	55.922935779816534	0.9914954431533387	1	0
OceanDNA-b41266___OceanDNA-b41266_00017_16	201	21.367452099999984	7.8552953720092775	23950	23950	34.932338308457716	0.9971222718253966	1	0
OceanDNA-b41098___OceanDNA-b41098_00191_1	304	32.28371800000001	6.190243721008301	48360	48610	40.17601973684211	0.9984754237288141	1	0
OceanDNA-b41072___OceanDNA-b41072_00489_2	305	32.59290140000002	5.0396520614624025	48360	48610	36.96888524590163	0.9999709620334624	1	0
OceanDNA-b41297___OceanDNA-b41297_00008_70	219	24.190440400000004	4.919949150085448	36440	36565	57.86803652968036	0.9899907029478461	1	0
OceanDNA-b41223___OceanDNA-b41223_00069_2	219	24.1493057	4.993441963195799	36440	36565	58.49999999999998	0.9910716553287985	1	0
OceanDNA-b41235___OceanDNA-b41235_00029_7	201	21.365292099999973	7.889592552185059	33460	33460	34.350746268656714	0.9962925347222223	1	0
OceanDNA-b41270___OceanDNA-b41270_00039_19	218	24.151315399999998	5.0202131271362305	36440	36565	49.667431192660565	0.9948614718614721	1	0
OceanDNA-b40986___OceanDNA-b40986_00086_2	218	23.773987999999996	4.783251380920409	41940	42065	57.10642201834864	0.9914954431533387	1	0
OceanDNA-b41091___OceanDNA-b41091_00354_1	277	29.590457600000004	5.788903617858887	48360	48610	45.48451263537906	0.9998960554370995	0	0
OceanDNA-b38371___OceanDNA-b38371_01036_1	340	37.353492400000015	4.873909568786621	59820	60320	36.913852941176465	0.9996274636742917	0	0
OceanDNA-b41273___OceanDNA-b41273_00130_6	218	24.4107331	5.438945960998535	43430	43555	43.64908256880735	0.9925035315561642	1	0
OceanDNA-b41195___OceanDNA-b41195_00044_7	305	32.3689418	4.890279197692871	45380	45630	31.992491803278693	0.9994031933719435	1	0
OceanDNA-b41367___OceanDNA-b41367_00074_6	294	31.644846900000022	4.238904380798339	49850	49975	36.03741496598639	1.001072096908939	1	0
OceanDNA-b41171___OceanDNA-b41171_00118_3	304	32.3928189	6.068437767028808	55350	55600	40.613848684210524	0.9983974576271192	1	0
OceanDNA-b40957___OceanDNA-b40957_00055_6	223	24.4205609	4.885845756530761	41940	42065	61.48430493273543	0.9927244103248777	1	0
OceanDNA-b40967___OceanDNA-b40967_00057_10	218	23.64878159999998	4.980880546569824	40450	40575	56.98440366972476	0.991431761221235	1	0
OceanDNA-b40956___OceanDNA-b40956_00033_26	223	24.38955	4.959793281555174	41940	42065	57.30358744394619	0.9925374944370271	1	0
OceanDNA-b41366___OceanDNA-b41366_00927_2	292	31.61069600000003	4.562886619567872	48360	48485	41.97773972602739	1.0026022631667513	1	0
OceanDNA-b41259___OceanDNA-b41259_00267_4	218	23.875926199999995	4.907501411437988	36440	36565	53.402752293577976	0.9955586124401914	1	0
OceanDNA-b41042___OceanDNA-b41042_00013_66	314	33.53430810000001	8.896782112121585	38390	38640	35.429968152866245	1.0008282591725208	1	0
OceanDNA-b39114___OceanDNA-b39114_00010_34	308	32.722659600000014	4.703335762023924	49390	49765	42.12827922077921	1.0006628444019745	1	0
OceanDNA-b40952___OceanDNA-b40952_00086_12	208	22.8377909	5.295768547058105	40450	40575	55.816826923076924	0.9930455252452736	0	0
OceanDNA-b41233___OceanDNA-b41233_00077_4	220	24.280247099999993	4.886016273498535	44460	44585	62.067727272727275	0.9948315278718122	1	0
OceanDNA-b38374___OceanDNA-b38374_00510_1	284	29.902327700000004	6.956092262268067	48360	48485	30.584190140845074	0.9962623376623374	1	0
OceanDNA-b41314___OceanDNA-b41314_00391_3	219	24.115309299999993	4.993441963195799	36440	36565	56.26347031963469	0.9909478458049887	1	0
OceanDNA-b41089___OceanDNA-b41089_00027_6	304	32.39978680000001	6.068096733093261	48360	48610	45.73490131578947	0.999488983050848	1	0
OceanDNA-b41042___OceanDNA-b41042_00013_65	310	33.354858500000006	8.64406604766846	39880	40130	40.47196774193548	1.0019819253282707	1	0
OceanDNA-b41317___OceanDNA-b41317_00012_40	201	21.033225799999983	6.903061485290528	20970	20970	26.883582089552235	0.9981741691468252	1	0
OceanDNA-b10710___OceanDNA-b10710_00060_13	366	39.4568382	4.605345344543457	41370	41620	35.96232240437159	0.9993573095905031	1	0
OceanDNA-b41253___OceanDNA-b41253_01391_2	201	21.22912119999998	4.8744211196899405	30480	30480	32.0731343283582	0.9983007812500003	1	0
OceanDNA-b41130___OceanDNA-b41130_00070_8	304	32.424817700000006	6.411461067199707	53860	54110	46.42075657894737	0.9993567796610173	1	0
OceanDNA-b41267___OceanDNA-b41267_00011_4	201	21.332403099999986	5.311797142028809	15470	15470	20.92388059701491	0.9978877108134925	1	0
OceanDNA-b41240___OceanDNA-b41240_00166_4	201	21.21513769999998	4.994862937927246	30480	30480	31.65074626865671	0.9979309895833336	1	0
OceanDNA-b38385___OceanDNA-b38385_01004_1	288	31.4085451	4.560840415954591	56840	57215	37.60454861111111	1.001203703703704	1	0
OceanDNA-b41083___OceanDNA-b41083_00042_4	304	32.33776200000001	6.410437965393067	48360	48610	46.61648026315789	0.9995398305084751	1	0
OceanDNA-b40973___OceanDNA-b40973_00084_12	218	23.603744199999984	5.096604728698729	40450	40575	57.901376146788984	0.9911398951925269	1	0
OceanDNA-b38598___OceanDNA-b38598_00098_5	310	33.796066399999994	6.991105079650879	48360	48735	30.168419354838694	0.9981554342667298	1	0
OceanDNA-b41355___OceanDNA-b41355_00495_1	279	30.079071100000014	4.5028078079223635	39880	40005	40.631541218637985	1.0019190476190476	1	0
OceanDNA-b41140___OceanDNA-b41140_00223_3	303	32.19479839999999	7.625826072692871	46870	47120	36.8759405940594	0.9979912941367031	1	0
OceanDNA-b41233___OceanDNA-b41233_00025_27	205	21.64090489999998	5.504140281677246	20970	20970	21.8331707317073	0.9960874028182697	1	0
OceanDNA-b41218___OceanDNA-b41218_00113_4	201	21.227282599999988	5.773272895812987	24980	24980	36.56417910447762	0.9965071924603177	1	0
OceanDNA-b41017___OceanDNA-b41017_00012_15	300	32.39569600000003	4.585679054260253	42860	43110	37.15603333333333	1.0002896007200133	1	0
OceanDNA-b41276___OceanDNA-b41276_01753_1	184	19.337872299999965	4.9435941696166985	26470	26470	31.019021739130427	0.9953570068027218	1	0
OceanDNA-b41198___OceanDNA-b41198_00039_7	305	32.3248892	4.890279197692871	45380	45630	31.639377049180325	0.9995180582368085	1	0
OceanDNA-b10720___OceanDNA-b10720_00125_1	356	38.14338269999999	4.493827247619628	41370	41620	39.54412921348314	0.9990618567311644	1	0
OceanDNA-b41224___OceanDNA-b41224_00014_7	219	24.1212526	4.993441963195799	36440	36565	58.49999999999998	0.9913240362811794	1	0
OceanDNA-b41234___OceanDNA-b41234_00061_2	218	23.77291049999999	4.536285972595215	47440	47565	63.05779816513761	0.9913598200045569	1	0
OceanDNA-b38362___OceanDNA-b38362_00010_50	307	33.05922010000002	4.643768501281738	52370	52620	33.88602605863192	1.0015325583253432	1	0
OceanDNA-b41379___OceanDNA-b41379_00004_76	293	31.430764000000035	4.462395286560058	49850	49975	30.853242320819117	1.0004948859825622	1	0
OceanDNA-b41228___OceanDNA-b41228_00019_4	201	21.396570999999984	5.525454902648924	24980	24980	34.88955223880597	0.995125682043651	1	0
OceanDNA-b38931___OceanDNA-b38931_00285_3	310	32.65979490000001	5.635552024841308	42400	42775	34.41164516129033	1.0021439250118649	1	0
OceanDNA-b41266___OceanDNA-b41266_00005_78	218	24.084371600000004	4.945583534240721	43430	43555	39.94908256880734	0.9910151515151525	1	0
OceanDNA-b41213___OceanDNA-b41213_01056_3	195	20.72161059999998	4.840033531188964	20970	20970	34.093846153846144	0.9933764080901173	1	0
OceanDNA-b41271___OceanDNA-b41271_00192_2	201	21.43856479999999	5.594059562683105	19480	19480	40.05621890547263	0.9959166046626985	1	0
OceanDNA-b41289___OceanDNA-b41289_00169_1	201	21.18622739999999	5.52193088531494	24980	24980	33.61144278606965	0.9965853174603178	1	0
OceanDNA-b41358___OceanDNA-b41358_00010_11	292	31.68275540000002	4.467340278625487	48360	48485	41.327054794520535	1.0022100370183413	1	0
OceanDNA-b10708___OceanDNA-b10708_00282_2	365	39.287856500000004	4.67724666595459	39880	40130	38.032356164383565	0.9976164727126796	1	0
OceanDNA-b38377___OceanDNA-b38377_00341_2	307	33.5541303	4.620464515686035	58330	58705	36.87429967426711	0.9991451741770538	1	0
OceanDNA-b41177___OceanDNA-b41177_00704_2	295	31.140439200000007	5.8234048843383786	45380	45505	37.962406779661016	0.998651723276724	1	0
OceanDNA-b41063___OceanDNA-b41063_00025_9	308	32.60601990000001	6.514396476745605	45380	45630	41.312694805194795	1.0001622869883735	1	0
OceanDNA-b41178___OceanDNA-b41178_00113_9	305	32.43992380000001	6.505302238464354	48360	48610	37.59249180327868	0.9983577863577869	1	0
OceanDNA-b41353___OceanDNA-b41353_00007_35	292	31.68275560000002	4.467340278625487	48360	48485	41.61780821917807	1.0022011189634865	1	0
OceanDNA-b38361___OceanDNA-b38361_00008_41	307	32.95706200000002	4.580734062194825	52370	52620	36.0642019543974	1.0013102428891012	1	0
OceanDNA-b41394___OceanDNA-b41394_00244_3	310	32.62301100000001	5.27928524017334	40910	41285	34.14648387096775	1.000446250593261	1	0
OceanDNA-b41173___OceanDNA-b41173_00019_7	304	32.352758400000006	6.190698432922363	53860	54110	41.247401315789475	0.9986347457627125	1	0
OceanDNA-b39170___OceanDNA-b39170_00002_375	308	32.299529400000004	5.824655342102051	47900	48275	32.1510064935065	1.0003595317725762	1	0
OceanDNA-b38381___OceanDNA-b38381_00651_1	307	32.69135630000003	7.76019344329834	60850	60975	32.91045602605863	0.9959544582933845	1	0
OceanDNA-b38975___OceanDNA-b38975_00010_18	308	32.65215610000002	8.237012672424317	37930	38305	37.97568181818182	0.9994320353559488	1	0
OceanDNA-b41269___OceanDNA-b41269_00080_6	201	21.369413499999986	5.304521751403808	24980	24980	39.78258706467661	0.9963142981150793	1	0
OceanDNA-b41304___OceanDNA-b41304_00029_48	201	21.153079899999977	5.371080207824707	20970	20970	28.12189054726368	0.9993654513888891	1	0
OceanDNA-b41351___OceanDNA-b41351_00358_3	292	31.791781800000024	4.333484458923341	46870	46995	41.61441780821918	1.00317571092041	1	0
